,max_w,min_w,avg_w,diff_w,std,max ramp,min ramp
0,0.6742473130929327,0.15607576691966035,0.45600136568360766,0.5181715461732724,0.15270857115579567,0.10800443070840497,-0.0980155816255467
1,0.6224080704886471,-0.05966439019934743,0.2906379007437909,0.6820724606879945,0.19143018923544583,0.08746257199677067,-0.12271880256911234
2,0.6903828125304151,0.09661333819667617,0.28174697020115763,0.593769474333739,0.15000132873253363,0.1554870911602757,-0.1881947316956088
3,0.6762852226056445,0.04708314840925373,0.21629713026796563,0.6292020741963907,0.16304869423557314,0.18319625017418725,-0.19389696572174492
4,0.6715265006952902,0.07818410614155691,0.24204942449303918,0.5933423945537333,0.16893969769039557,0.2886385836321861,-0.14298052287531296
5,0.6606388136061035,0.01855727004511527,0.21108894676318618,0.6420815435609883,0.16745732311594527,0.21588290819150763,-0.17814979243310658
6,0.6884750893445827,0.08988992264439655,0.26285992530861413,0.5985851667001861,0.1423004568043332,0.18897313283197,-0.18590870365091103
7,0.6323953330462937,-0.0028486276263346567,0.33506982454761397,0.6352439606726284,0.18963320117143315,0.13815843987723084,-0.1709176575800794
8,0.7086558167419463,0.15256411850877571,0.2718770829835875,0.5560916982331706,0.13906558026563712,0.2482552224255226,-0.10201032776030565
9,0.7113551478390344,0.19609444098446277,0.3349946700151239,0.5152607068545716,0.1309359029443013,0.1858384555773256,-0.16163433001648186
10,0.7186029899823276,0.19057840853545915,0.3419629394745586,0.5280245814468685,0.13140887883556168,0.12326401652981532,-0.13812563554404836
11,0.7063206916332094,0.15325826327890393,0.3465762692885772,0.5530624283543054,0.152996883845836,0.12660465227387716,-0.1104221027351109
12,0.7141671948788367,0.18562054844868442,0.35793566916605424,0.5285466464301523,0.12814367536633162,0.14865374430848033,-0.09752944071032572
13,0.7037017756928433,0.16862899694022052,0.2964519385311249,0.5350727787526228,0.12400927409547882,0.24159346677012364,-0.16862899694022052
14,0.6789142264126863,0.14444983540695452,0.40847203456744363,0.5344643910057317,0.16745908229753786,0.1360235950082155,-0.13843109226499808
15,0.701960678483797,0.1647895495221109,0.37550259363506977,0.5371711289616861,0.1355603995674069,0.13803799927501495,-0.11449663505757054
16,0.676051885166453,0.20480928424613723,0.3647598978277444,0.4712426009203157,0.13456940068359352,0.3189949913922137,-0.1613099672381081
17,0.7182488967400216,0.23299763138215177,0.3640186823625422,0.4852512653578698,0.12261311523182365,0.13575481828464214,-0.16849002269370478
18,0.695766824660308,0.1869224305057544,0.3815096696698136,0.5088443941545536,0.12387147067322152,0.13870831152609553,-0.20472456674439768
19,0.7044634267970551,0.14434892728020465,0.3247850863804605,0.5601144995168504,0.16175209719085215,0.10826169546015349,-0.16061359514276294
20,0.6931265911942293,0.09046833017595361,0.2722168857986707,0.6026582610182756,0.15714269253273183,0.13918204642454401,-0.17328164779855731
21,0.6277589571980366,-0.019865789784747998,0.2799420877167405,0.6476247469827847,0.19097861457510745,0.19269816091205558,-0.18475184499815636
22,0.618058571014141,-0.014331792951052545,0.35000925597648636,0.6323903639651935,0.1778625064953267,0.08599075770631527,-0.23737032075180778
23,0.7136522612924348,0.1742361708172165,0.32132252734613387,0.5394160904752182,0.12532731544045345,0.19750744020718722,-0.10680915950781424
24,0.6983541443961283,0.11446851678118357,0.2793977697764813,0.5838856276149448,0.15400015172573311,0.14284516589920807,-0.1899792610444013
25,0.6980176566306453,0.12613050058212893,0.3129971370979819,0.5718871560485164,0.14536223135645776,0.14619671658383127,-0.17127948658595918
26,0.6730121752938697,0.07682787389199425,0.26825732633954663,0.5961843014018754,0.13877725520349354,0.20513042329162465,-0.22894706419814287
27,0.609022976819417,-0.04748314734524268,0.2621035325379609,0.6565061241646597,0.17285819612561892,0.22812555572388332,-0.21264192071999982
28,0.5163903205768946,-0.20397417662787337,0.21989621151232763,0.720364497204768,0.20130071413992107,0.2439944264725827,-0.15620807197451061
29,0.6265621889839563,-0.02385389044355164,0.2704103525003729,0.650416079427508,0.1767105902048924,0.17492852991937868,-0.2210460514435785
30,0.700869361040741,0.21592000191068794,0.3775697882873723,0.48494935913005316,0.12402152913344622,0.2211438729246562,-0.14191516254613765
31,0.6967858489057669,0.1951933572269503,0.4196786790842398,0.5015924916788166,0.13157000626282359,0.1259813700030516,-0.12442604444745838
32,0.677385599868844,0.1404514418734536,0.3748114975516187,0.5369341579953903,0.1412187750778141,0.11557983237502953,-0.2435954694992711
33,0.6950196872430167,0.18889869939976484,0.31224078265762817,0.5061209878432518,0.1326780401968326,0.2144040090233618,-0.2530604939216259
34,0.6571871385137916,0.4357692495521558,0.5613964205942187,0.2214178889616359,0.07043152716637588,0.062421000611525015,-0.07184303843967974
35,0.6687838517398901,0.23795680118085974,0.5125464257014045,0.4308270505590303,0.12205386989510575,0.13901686805829175,-0.11647359215694714
36,0.644774768088476,0.4878859521144255,0.5640982021506005,0.15688881597405055,0.03764131488406405,0.030612451897375718,-0.032525730140961696
37,0.6623970560909267,0.41575985435494334,0.5420146123864586,0.24663720173598333,0.09194439146824641,0.14974401533970416,-0.053731676092482084
38,0.6362445217144367,0.4646178684581339,0.5883320810137188,0.17162665325630275,0.042776456612476525,0.04168075864795924,-0.012871998994222707
39,0.6328591491312034,0.10092500502092362,0.4341259407150024,0.5319341441102798,0.1707188364700737,0.2754658960571092,-0.11339221152350831
40,0.6786645710958048,0.06908002511841754,0.2869777169615342,0.6095845459773873,0.159958063295442,0.1614978965606248,-0.1703662781636649
41,0.6919466220188967,0.10237356439851769,0.2997201945643349,0.5895730576203789,0.13993751375248104,0.19179625619240362,-0.13012543426558573
42,0.6565211918470127,0.14540402235537866,0.39270101492191284,0.5111171694916341,0.1754725068454743,0.218106033533068,-0.23242612664382498
43,0.5239273922449029,-0.16937307938951604,0.2567884075855496,0.693300471634419,0.22136741980540284,0.2484138497712902,-0.19873107981703217
44,0.6538927218891453,-0.0027302410099755542,0.2382135281203671,0.6566229628991208,0.16645282902115707,0.1433376530237166,-0.1904343104457949
45,0.6338454985618786,-0.055116999874945956,0.21288941201697875,0.6889624984368244,0.1466983285516342,0.1469786663331892,-0.17913024959357435
46,0.5677342068953685,-0.1103927624518772,0.23477236300352453,0.6781269693472456,0.17894594308812395,0.25007340065629324,-0.23655591953973684
47,0.5996058923394202,-0.0818845051212424,0.2793318198893995,0.6814903974606625,0.14204983820972963,0.15188254982165927,-0.21923915887300383
48,0.6175623632148641,-0.0743362103869744,0.21760813724392078,0.6918985736018386,0.15154815456567597,0.1620148175100724,-0.19441778101208687
49,0.5442939602649406,-0.16213011582359932,0.15601806780643981,0.70642407608854,0.1794083592283505,0.20073252435302774,-0.28565782311777027
50,0.5778738359158706,-0.12062415021544871,0.27210564118368663,0.6984979861313193,0.21943805857775428,0.15007888457038387,-0.13745542698969737
51,0.5904025318657539,-0.06307719357540105,0.32663473406461846,0.6534797254411548,0.22182014373336376,0.12993901876532615,-0.21824708977088764
52,0.632988204299408,0.03396522071850482,0.38854154003744157,0.5990229835809032,0.1940735107288868,0.14049250388108814,-0.17600159826861592
53,0.6270365240706701,0.022509003428177903,0.3932376491767985,0.6045275206424923,0.1951512184615116,0.1543474520789342,-0.15595523803808975
54,0.6522932000802799,0.09518441546235844,0.4331124198673246,0.5571087846179215,0.15709578071300725,0.14277662319353765,-0.14977547727165225
55,0.6470205569457061,0.4840672314927135,0.5604516027988038,0.16295332545299268,0.04477494600248073,0.04433289001294653,-0.049125634879211025
56,0.5140831695047267,-0.2173983552631929,0.23082590073533127,0.7314815247679196,0.23117574486099005,0.12276613003097951,-0.17775512577402242
57,0.6753957825987374,0.18168541520199954,0.4581632209441728,0.4937103673967379,0.14142310277975023,0.14021374434067357,-0.13231437846232577
58,0.5726685759405014,-0.078091169446432,0.3510035376680772,0.6507597453869334,0.21455612398475057,0.17082443316407,-0.20987001788728601
59,0.5967113920743334,-0.0480112614312682,0.34736719208158634,0.6447226535056017,0.2084397622051393,0.1697541029176983,-0.18175691827551535
60,0.6269971837168555,-0.02151460924518622,0.3181088652681105,0.6485117929620418,0.1636436614500889,0.17980066297762767,-0.15982281153566905
61,0.552137499358142,-0.1520378621420971,0.26689979965953664,0.7041753615002392,0.17063549520949756,0.2240557968409852,-0.160039854886418
62,0.5637675186100867,-0.11173770639118835,0.2833651304125023,0.675505225001275,0.1976457880715925,0.26156781268846363,-0.15998807960556513
63,0.31833253564605385,-0.43717668228724726,0.1441338980841855,0.7555092179333012,0.23379883315637393,0.1740217861531761,-0.17614400305748312
64,0.4894456575676839,-0.21252245657544167,0.3128802832916225,0.7019681141431255,0.2210668838123633,0.13202152605444104,-0.24150279156300192
65,0.6821582959407263,0.3587647334206783,0.5162506610020559,0.32339356252004803,0.12767152806662355,0.10358700049470289,-0.08842792725157564
66,0.5526693095070889,-0.0899694224778982,0.35862811459939975,0.6426387319849872,0.12832217065278154,0.19279161959549615,-0.30204020403294396
67,0.47606156084074963,-0.231597516084689,0.21211902129052923,0.7076590769254386,0.23786322205993699,0.2830636307701755,-0.19299793007057417
68,0.5078145242430687,-0.21570882445723275,0.2218879834911639,0.7235233487003015,0.22892543510429714,0.19323915524293767,-0.18200432063579014
69,0.5739799734123645,-0.0751001834371318,0.3131409434387549,0.6490801568494963,0.20038374251117408,0.2548041938045543,-0.20116120563517445
70,0.3407163031676448,-0.3982398348712731,0.18031414745560423,0.7389561380389179,0.22484076401766628,0.23009412681451338,-0.2079696915438871
71,0.32569557115289344,-0.42298126123752394,0.10909391696084472,0.7486768323904174,0.2615937038947392,0.19880119278163627,-0.18611175494451054
72,0.5107429687619558,-0.19207427885065007,0.272469005415032,0.7028172476126059,0.199025276182759,0.18334362981198415,-0.24664083534231201
73,0.5289435576963938,-0.14335853432892914,0.33779884525782156,0.6723020920253229,0.15967293721222897,0.22492459696435435,-0.2397547901707953
74,0.508313431553795,-0.21451759496765663,0.27883401157480725,0.7228310265214516,0.1983417584675987,0.13290764036039596,-0.1958638910574256
75,0.4850064346472957,-0.2251815589433873,0.2403380100261153,0.710187993590683,0.2221528011186037,0.23600759543105015,-0.216520729753257
76,0.4689663764069678,-0.22653460555251836,0.24359093915771526,0.6955009819594862,0.20350699870069053,0.1848045466349492,-0.331853325677812
77,0.33704069480437654,-0.41145227677417395,0.1103407036561947,0.7484929715785504,0.26946450885692125,0.17508607522305275,-0.20353756244679883
78,0.3800663194408793,-0.3500610836955468,0.17273847522833824,0.7301274031364261,0.2660193935790972,0.19503403234466177,-0.2475431948989938
79,0.4865246595814016,-0.22819298192756007,0.22998695191126728,0.7147176415089617,0.21894402282856024,0.2346512738689061,-0.2109708700839706
80,0.447615716768964,-0.2643064232350073,0.20924258506104745,0.7119221400039714,0.22615347197197666,0.20675583107899764,-0.29201596760641935
81,0.47251671932399314,-0.26054660224407095,0.1972499700604831,0.7330633215680641,0.2435194634397853,0.1788497862861843,-0.2031380288682587
82,0.4989384078112843,-0.19769257667994283,0.2782993713381338,0.6966309844912271,0.2037873195497151,0.24240875473850132,-0.22122740723707887
83,0.48168008789429034,-0.18417179831252278,0.340599768033095,0.6658518862068131,0.13452709128539603,0.28334122817311197,-0.27625769746878415
84,0.3410297004642461,-0.4134985118128984,0.12539946277487382,0.7545282122771444,0.2646985522224904,0.14706905832520611,-0.1896977708832369
85,0.32315950531512244,-0.41129391585561037,0.08393753384808375,0.7344534211707329,0.2845609291334783,0.22453290304362405,-0.22033602635121985
86,0.57292848312272,-0.11637609813430251,0.30679275870340966,0.6893045812570225,0.15991396143483014,0.17232614531425564,-0.18351615475024627
87,0.47197446808722404,-0.25825018065149996,0.18756532517145577,0.730224648738724,0.2460309529047728,0.1870087515062586,-0.21595058209651288
88,0.5410565182115548,-0.1451615048860269,0.2600810295874648,0.6862180230975816,0.19545260344014387,0.2815253428092642,-0.17375392251509278
89,0.5715296858783557,-0.1312185503292143,0.22270703958652763,0.70274823620757,0.1843294012495203,0.13413451811430796,-0.24639927784041357
90,0.5545719777339806,-0.12564521370535497,0.27891071145800783,0.6802171914393356,0.18363678194718597,0.203631898074196,-0.24695783383466322
91,0.492023032167654,-0.2681249107879912,0.09835853686123046,0.7601479429556451,0.206543693507658,0.13959080407003666,-0.19072802932341643
92,0.6483002332783636,0.012232079873176673,0.3477223538947827,0.636068153405187,0.164474572206248,0.11773376877932547,-0.1146757488110313
93,0.6067087127155952,-0.09307463206432427,0.23958099735076063,0.6997833447799195,0.19190794259466243,0.12668491586533026,-0.15253898032764257
94,0.5913895623154424,-0.11771735363624919,0.18475084667911335,0.7091069159516916,0.19423538046360744,0.1205201477704456,-0.21721654540022173
95,0.7062188083214251,0.29924525776331573,0.434238118487656,0.4069735505581094,0.1267062341804292,0.15361256565183543,-0.1336628818009477
96,0.5850734816161137,-0.11701469632322276,0.19839991780443858,0.7020881779393365,0.18615413022400643,0.13614209860682647,-0.24190538182204704
97,0.5903355145327155,-0.11129276093649555,0.18155639714368524,0.701628275469211,0.17812998665534482,0.16451973355829777,-0.23468256110521887
98,0.44083030693405084,-0.3073394393413453,0.11382942197827603,0.7481697462753961,0.23742812384330972,0.20799739834212258,-0.19713186260783258
99,0.4298304198269815,-0.3301595978381162,0.15391874333176328,0.7599900176650977,0.24267280048338524,0.10278553517601731,-0.1884401478226984
100,0.7124597277503306,0.19621841682304186,0.3388076929370083,0.5162413109272888,0.1203732773240546,0.1179646434471859,-0.21023401802468772
101,0.7080163138942253,0.2508989850207691,0.4061355716432085,0.4571173288734561,0.11285743708740972,0.16669316128092196,-0.14607132689565325
102,0.7016460250176999,0.2704260721422385,0.4452285106666134,0.4312199528754614,0.1088818236724412,0.1790659126347255,-0.08039694036661145
103,0.594752480847031,-0.1020195861306951,0.277117031830186,0.6967720669777262,0.18304712574122967,0.11178741884533613,-0.16605315614889735
104,0.5922198580459797,-0.1290508944398702,0.1482759420704673,0.7212707524858499,0.19105027615894066,0.13081871491164926,-0.19180852118802627
105,0.4182907936114801,-0.32974748693459743,0.11513174215887759,0.7480382805460776,0.23120686142042496,0.19387930944765683,-0.22899131037124823
106,0.43776994904802435,-0.3283274617860183,0.109802495443789,0.7660974108340427,0.21277478466577823,0.1440032727131659,-0.18864428725424734
107,0.6257809508100168,-0.0387880754634308,0.2235701571850525,0.6645690262734476,0.1530331803683688,0.17196046788787653,-0.24953661881473813
108,0.6030532377561072,-0.06765963155312421,0.22589982056595642,0.6707128693092314,0.15933800793156871,0.19415372532635644,-0.26034249532397796
109,0.651331516239892,0.024303414785070598,0.27979306271312526,0.6270281014548215,0.15148312862995328,0.16404804979922655,-0.23209761119742423
110,0.5703661197004104,-0.1402150044263509,0.18071495980091132,0.7105811241267613,0.1912653736203011,0.13189716518071992,-0.2519117028676813
111,0.5543219679072746,-0.17789867807256718,0.15039743315313653,0.7322206459798417,0.187504931577201,0.1585618652385925,-0.20497021604013177
112,0.49484605320127945,-0.24269519806686954,0.21984402682031365,0.737541251268149,0.20993634998434507,0.15129051308064595,-0.19226502703998757
113,0.6482922430252249,0.07241562289111556,0.42702228419126076,0.5758766201341095,0.1879296316027329,0.1172443418237109,-0.10689925283926582
114,0.6200324385530182,-0.07684909097558534,0.2191217925449692,0.6968815295286034,0.17101677305602492,0.15719132245006093,-0.1484584712028353
115,0.6393621217789502,-0.02480284093107997,0.25698499075813414,0.6641649627100302,0.15478384062850328,0.1474391099791976,-0.1942889206267931
116,0.5701205476020562,-0.16062920190375393,0.1570470952885294,0.7307497495058102,0.19867463707614264,0.11085677314484427,-0.1968273319102337
117,0.5823025610315276,-0.13525925630259894,0.16343826803230704,0.7175618173341265,0.18732049132103337,0.12838166699907697,-0.222375387480544
118,0.6019370193966184,-0.0815527574666386,0.2629429184192217,0.683489776863257,0.16863465136759864,0.12815433316186067,-0.22329921687293905
119,0.4808794047897345,-0.2640667251735536,0.16538915945080465,0.7449461299632881,0.2283503830838043,0.1348130123254458,-0.2154228547468464
120,0.5260379791088307,-0.1783691998127644,0.25344550142887146,0.704407178921595,0.24777951829544734,0.13755590833018272,-0.22522890484832114
121,0.6393066561891119,-0.043079963355061444,0.19852683112790814,0.6823866195441732,0.1696686945217739,0.11631590105866589,-0.20506062557009247
122,0.5763259018614786,-0.1434175055323495,0.18380900979107448,0.719743407393828,0.17029412196337948,0.13146604673798704,-0.2217659576287256
123,0.5189520888120386,-0.19852529572004163,0.242206665611659,0.7174773845320802,0.17179260204752353,0.19852529572004163,-0.2211641452319762
124,0.5658116673386627,-0.1654732234669674,0.14278737831423802,0.7312848908056302,0.18118887951730567,0.13744953239594873,-0.21351383673157084
125,0.47851436073957193,-0.24345467476223837,0.2327860431814219,0.7219690355018104,0.21392463070234483,0.15110979812828587,-0.2602446523320479
126,0.3593747233568477,-0.39801716672855175,0.08549640595989522,0.7573918900853994,0.2510428584747136,0.2067370720386167,-0.16036613999257182
127,0.353871727759177,-0.393632596046725,0.05715624816335022,0.747504323805902,0.28400926989600644,0.18091195070834332,-0.21073260192400428
128,0.47606375004556795,-0.2358874437162724,0.22891804197010981,0.7119511937618404,0.23432859559732042,0.1779877984404601,-0.2680539133139459
129,0.46104164915283063,-0.2593359276484672,0.23512323687264583,0.7203775768012979,0.23389162264843966,0.18009439420032447,-0.2425271175231036
130,0.6914390341823239,0.2640671688334503,0.4695010024818418,0.42737186534887356,0.13656316691765438,0.12682173240027547,-0.11987259637834258
131,0.6780993391441441,0.09814595698138928,0.3717649885658685,0.5799533821627548,0.13851227108279165,0.15168011533487435,-0.11747773638681444
132,0.5579347669639274,-0.16329798057480802,0.17044226722495587,0.7212327475387355,0.20965086752670534,0.11022613688799542,-0.2381428883382617
133,0.6997242724450962,0.16172872334815902,0.3539878689610215,0.5379955490969371,0.1814328206158221,0.17328077501588465,-0.08086436167407951
134,0.6928206808834039,0.14948827969268466,0.4016299693986952,0.5433324011907192,0.16084074740109258,0.0603702667989688,-0.10780404785530143
135,0.604550353447439,-0.09057723065588807,0.20485199258802594,0.6951275841033271,0.18118941230905977,0.17062222518899847,-0.19800603910822043
136,0.6314441958983187,0.028334034431334813,0.3519829158225938,0.6031101614669839,0.14732752278678693,0.19226666221262909,-0.2327438542573931
137,0.6771685774351508,0.18279397182298548,0.4254806654743356,0.49437460561216534,0.12273046901882939,0.14748149999354512,-0.21395203520190348
138,0.6950410316374028,0.2420232163737385,0.4431920863937904,0.45301781526366436,0.11646299471489042,0.15514308741906313,-0.13807734780296618
139,0.6137092049267573,-0.0839055553610801,0.22314882223411064,0.6976147602878374,0.1687189400230282,0.14263944411383617,-0.17620166625826822
140,0.5081729560020095,-0.23275097221466085,0.17585629011774376,0.7409239282166703,0.22232283334589284,0.1706840462907513,-0.1706840462907513
141,0.44198356417393275,-0.30386370036957877,0.1586734149657162,0.7458472645435116,0.21549426757276202,0.21507235935249408,-0.19534095023758635
142,0.5787661873514608,-0.07604227279070289,0.29290356926789257,0.6548084601421637,0.14139520292767313,0.2640356694121628,-0.23446367443800056
143,0.7076043541362431,0.2625701691448952,0.4294579885166507,0.44503418499134784,0.11031253534480502,0.16021230659688523,-0.10013269162305327
144,0.6104602944974302,-0.09391696838422003,0.23283581745254547,0.7043772628816503,0.17619070448352656,0.12100840157197582,-0.14990593030558197
145,0.5934914078434258,-0.0923208856645329,0.26945242621533316,0.6858122935079587,0.1608258193205736,0.20442481825718,-0.16925495705164367
146,0.5055419188173611,-0.22561374889369834,0.1909708970188172,0.7311556677110594,0.19868904955486633,0.2068126031525568,-0.20054555457217632
147,0.3985991632733001,-0.35330380381042503,0.13230019576448074,0.7519029670837251,0.26660522793545666,0.15626899014691878,-0.19477004569036252
148,0.4131761410210595,-0.3423459454174493,0.12657618288422934,0.7555220864385088,0.24380577773546563,0.16920546727529104,-0.19281553247649444
149,0.4481720181271093,-0.29730222984669624,0.1327506225310497,0.7454742479738055,0.25520825476219683,0.17749386856519178,-0.20189927549290565
150,0.5585757709438958,-0.16012505433725013,0.18448516434785892,0.7187008252811459,0.22370678533016855,0.13219626579005533,-0.21039687372220076
151,0.654080870754896,0.07630943492140453,0.3704187153476511,0.5777714358334914,0.14628637348226442,0.18532291338055384,-0.19894959818794752
152,0.5266371902714138,-0.18120849557726065,0.2767676631668317,0.7078456858486745,0.232106115485838,0.15289466814331368,-0.18687126106405005
153,0.4918723680527499,-0.2196711546643349,0.2216609296160046,0.7115435227170849,0.23327733215141097,0.2793644032144259,-0.1480392564042257
154,0.36991844448966865,-0.37952671577511454,0.10529063950301175,0.7494451602647831,0.28231167228085247,0.18495922224483433,-0.18015508660211135
155,0.41723359613502764,-0.3452967692151953,0.1300857620133635,0.762530365350223,0.2593287319897901,0.12948628845569823,-0.15586312499297011
156,0.5480978858563449,-0.12648412750531035,0.3641437877186614,0.6745820133616552,0.1699399659375351,0.21682993286624633,-0.14154176173213304
157,0.5533133551575986,-0.15561938113807464,0.2588853284982167,0.7089327362956733,0.23085871994826876,0.15850122152952045,-0.14697385996373713
158,0.5273411533397885,-0.16071349435117363,0.28815427307495584,0.6880546476909621,0.20692132862470242,0.28124861511455385,-0.13309086250956567
159,0.6670387309931649,0.1974434643739768,0.46803884291353737,0.4695952666191881,0.11159012833561281,0.1707619151342502,-0.1867708446780862
160,0.4993375118121918,-0.2056095636873731,0.24314146816998883,0.7049470754995649,0.22990309465434233,0.19581863208321248,-0.24722102300505575
161,0.3969183842714163,-0.34730358623748925,0.1490323289428187,0.7442219705089056,0.22795365172210424,0.18267266548854955,-0.24581877207718394
162,0.41251727358456364,-0.34451992079589927,0.12333964269721613,0.7570371943804629,0.2489798974311268,0.1450610192824839,-0.1994589015134154
163,0.5515215879027842,-0.14058393417129791,0.304373229271512,0.692105522074082,0.2056198325052353,0.162212231736113,-0.1892476036921318
164,0.24502646836794448,-0.5014495166599794,0.08867963753432874,0.7464759850279239,0.18061630305072737,0.20656301112413925,-0.219384163538741
165,0.3314377869339867,-0.40984242470331683,0.10216361891155144,0.7412802116373035,0.2277208795265543,0.2173946774513246,-0.2512512255789899
166,0.2872254522895214,-0.43579034140479106,0.10922270551622605,0.7230157936943125,0.21112223847265402,0.22119661268273486,-0.31528770912240567
167,0.26836079159137893,-0.45365752864256914,0.1006352968467671,0.7220183202339481,0.20393220801278183,0.29232157655489494,-0.25238693494903497
168,0.15378625918745298,-0.5652684121484758,0.015586445187917531,0.7190546713359287,0.19333615486008307,0.22444481070601244,-0.22756209974359595
169,0.36419394938429456,-0.36419394938429456,0.19050460528041083,0.7283878987685891,0.21821669271927305,0.25838084246858734,-0.23131237325759246
170,0.6320303410733882,0.005643128045298109,0.3853786194268167,0.6263872130280901,0.14073429573312388,0.11004099688331313,-0.16647227733629422
171,0.5068120424835542,-0.20272481699342165,0.2866966161892262,0.7095368594769758,0.2032350544797777,0.19378107506724127,-0.19378107506724127
172,0.20185178619071228,-0.5160983169648894,0.021121801490600105,0.7179501031556017,0.23392050779696144,0.23969899610147083,-0.25460850303601207
173,0.23253623133506435,-0.47828474854143915,0.05472088398367755,0.7108209798765035,0.24295818964755064,0.2616032602519474,-0.28538537482030624
174,0.5205350057144897,-0.1936874439867869,0.2645548551329941,0.7142224497012766,0.24874865105561356,0.1543446819269708,-0.1603974145515579
175,0.7134717822348878,0.21174001279228927,0.29881425718332133,0.5017317694425986,0.10406100408024245,0.24396131908676807,-0.18642327213234164
176,0.3539542741850606,-0.40114817740973535,0.06194199798238561,0.7551024515947959,0.2918346491589245,0.16045927096389415,-0.1698980516088291
177,0.5186316388539014,-0.16911901266975043,0.28092547104586324,0.6877506515236518,0.21740587698204256,0.26777177006043823,-0.17757496330323796
178,0.5500640344976466,-0.1450718332741046,0.3249004599367968,0.6951358677717512,0.20438377651646997,0.14204950341422742,-0.1601834825734905
179,0.6088292598433485,-0.05580934881897361,0.30779701469858173,0.664638608662322,0.16000324621654252,0.18772235511836577,-0.16996483503960144
180,0.4029024290304907,-0.3404369361575464,0.18791702439277408,0.7433393651880371,0.13702026521317773,0.21706758773348142,-0.2607934327445424
181,0.18624809990261362,-0.5331351859712314,-0.004753206716264618,0.719383285873845,0.2371098823987984,0.23281012487826702,-0.23048202362948433
182,0.16807448600378502,-0.5587930963242722,-0.07285046714774449,0.7268675823280573,0.2604695306718174,0.16589170047126833,-0.1746228426013351
183,0.16411353763188993,-0.5484847178750005,-0.07809788961868445,0.7125982555068905,0.27841090569558474,0.22241703126427187,-0.17706986955019702
184,0.17898719151027853,-0.5414362543185925,-0.08762914584357386,0.7204234458288711,0.2841808230906617,0.1980045806082456,-0.16780049204088612
185,0.27521947965696425,-0.45214628800786977,0.07689353765713547,0.727365767664834,0.217166287862334,0.326823132092645,-0.17569814995957983
186,0.25087353703833765,-0.5017470740766753,0.025668079484015102,0.7526206111150129,0.23140729526421247,0.17700521779927156,-0.1825801852890124
187,0.27051155181134134,-0.4575943072696521,0.04824544031526259,0.7281058590809935,0.23160708769937885,0.3223385313639815,-0.1655935200340454
188,0.2121734292421005,-0.512142760239553,0.009653484568007445,0.7243161894816534,0.23949971210042467,0.2816785181317541,-0.17681119103508375
189,0.18074552315765738,-0.5541277223122917,-0.019422216304221952,0.734873245469949,0.24371126533897233,0.16409790918260997,-0.18312375372552128
190,0.21948605681601074,-0.5296930171159726,0.02121698549221437,0.7491790739319834,0.22966543239484113,0.177052085831582,-0.15949320128630112
191,0.3449827365552978,-0.4156759202756457,0.10003085496429229,0.7606586568309435,0.21639476838774577,0.20501023278900893,-0.1753190956264628
192,0.2323705622558214,-0.4899987943220582,0.045990007113131316,0.7223693565778796,0.2387361790941112,0.289200319329256,-0.20332424197384372
193,0.24432527695616263,-0.47976599838664663,-0.011846074034238187,0.7240912753428093,0.2564996038980923,0.2909691934659755,-0.1876862354799613
194,0.25639412429519787,-0.4647143502850461,0.061427758945724484,0.721108474580244,0.2050586001461257,0.360554237290122,-0.14994477804763803
195,0.2119346007526416,-0.5226114586741275,-0.04876904165046582,0.7345460594267691,0.27489582163780746,0.18544277565856138,-0.17340103697943401
196,0.17520756342990468,-0.5186143877525179,0.017423418807751632,0.6938219511824225,0.23397965459946174,0.24178643753326845,-0.32471801755675667
197,0.1671086361047506,-0.5555819589976123,-0.09757046447891012,0.722690595102363,0.28156919954719034,0.16602351509108337,-0.15734254698174568
198,0.24097927031250044,-0.4973401961768626,-0.02745198247797545,0.738319466489363,0.27781320624685646,0.19355249902759344,-0.18457986662234074
199,0.3199859254563011,-0.4139678056602497,0.04773682804010086,0.7339537311165508,0.2327947203898461,0.3300554126210099,-0.14880464365625193
200,0.2590302232610392,-0.47019616613688636,0.009502467429413122,0.7292263893979255,0.254409686430589,0.2646613150710618,-0.21257371582835283
201,0.22123923774264287,-0.49410096429190237,0.007886769123233103,0.7153402020345453,0.23561691274648489,0.3257133222322242,-0.18313692457585437
202,0.22304349621644012,-0.5276297759958799,-0.01678822014532345,0.7506732722123199,0.2403298491587113,0.13070828541716115,-0.18227210443494032
203,0.17071284218542765,-0.5510351235099247,-0.08355565271523041,0.7217479656953524,0.2811979249023008,0.16639099807946747,-0.1804369914238381
204,0.17153416088594145,-0.5489093148350126,-0.08844730170681356,0.720443475720954,0.2801409524548774,0.1886875769745356,-0.16831789536933003
205,0.2387289600267449,-0.49602572805557,0.008620768000965789,0.7347546880823149,0.25060019702012754,0.24933913602793356,-0.17904672002005867
206,0.28769310363221895,-0.4642967910104128,0.08034993034612715,0.7519898946426318,0.2119589734372609,0.19939125994312207,-0.2122092695108942
207,0.2798061441521055,-0.46024188196981836,0.04227600620366703,0.7400480261219239,0.23817741082574817,0.252348531875497,-0.20004831801529038
208,0.20882923814015272,-0.5112715830327877,-0.00020002800588137234,0.7201008211729405,0.2515145973615688,0.29284100061032914,-0.1656231888697763
209,0.21951591586323987,-0.5204253735634113,-0.03401674538891966,0.7399412894266513,0.27170576228533583,0.16278708367386327,-0.17881914494477405
210,0.16949154127349336,-0.5529661534047721,-0.08995410445713006,0.7224576946782654,0.278535239677342,0.1641949306086967,-0.17584747407124934
211,0.17164877450422483,-0.5449848590509138,-0.07733134893028878,0.7166336335551386,0.28141143953630576,0.2102697487676754,-0.17486718902617904
212,0.30987868671358104,-0.440716354437093,0.11720874400231282,0.750595041150674,0.2120755523447295,0.1876487602876685,-0.22896591851614598
213,0.26229616849571935,-0.46359322803894587,0.1081463369136905,0.7258893965346652,0.21006160681291913,0.31719536655296293,-0.1814723491336663
214,0.2655646312023047,-0.4676757664536163,0.018507269652373006,0.7332403976559211,0.24602603760739816,0.24441346588530702,-0.22913762426747533
215,0.22397099119513078,-0.5052368871145974,0.07812941553318516,0.7292078783097282,0.20695830731006026,0.2864745236216789,-0.1783954988007728
216,0.21201993148575426,-0.5204125591013968,-0.03493510234708451,0.7324324905871511,0.2696974088702745,0.21201993148575426,-0.16985687692892812
217,0.16067159393542946,-0.5633939008125448,-0.06790287600842554,0.7240654947479743,0.265309620809877,0.16693152616667994,-0.1721481363593887
218,0.16606557623206886,-0.5591575098446875,-0.08040516823894472,0.7252230860767563,0.27173079244998843,0.1481977610678589,-0.17762710369126353
219,0.20673569241545986,-0.535215737031135,-0.05589520572714285,0.7419514294465949,0.2694350638689537,0.13552673169457924,-0.1619429590587769
220,0.22124430882857116,-0.508391177733738,-0.011179898584422478,0.7296354865623091,0.25486145169262336,0.2553724202968082,-0.17299422020106361
221,0.2245764506398579,-0.5116638720763773,0.01292665136844543,0.7362403227162352,0.2465800338145806,0.1389132684370255,-0.25583193603818866
222,0.24140489813049892,-0.5064254928172424,0.003935949426040744,0.7478303909477413,0.2602404907343854,0.16399789275169765,-0.17711772417183347
223,0.21588930983376275,-0.5225502613021757,-0.04242143161979714,0.7384395711359385,0.27614244949706646,0.16191698237532207,-0.17541006423993225
224,0.1659794730472937,-0.5532649101576458,-0.08573832822475054,0.7192443832049394,0.2809262734329533,0.17768315383909009,-0.17661918285801767
225,0.2268380136358424,-0.5089314408496465,0.018781993650403617,0.7357694544854888,0.24989903278136846,0.1992103068468616,-0.2137512051568515
226,0.23703898987922506,-0.5079406925983394,0.0068531680747395,0.7449796824775645,0.2449377152445475,0.1717323294022957,-0.20317627703933577
227,0.22094221051238444,-0.49153435597137213,0.04447806672299875,0.7124765664837566,0.22324064702079302,0.3289308190212465,-0.2048059816547384
228,0.22629344923468556,-0.516539394992217,-0.021317498840948638,0.7428328442269027,0.25708658644427795,0.18201864394963838,-0.17463950973546385
229,0.21648089070963406,-0.5180947159680006,-0.0016215797056901426,0.7345756066776347,0.2587947353049922,0.21283233637183122,-0.18121153211087343
230,0.4735657974419454,-0.26309210968996966,0.21156990487568392,0.736657907131915,0.20913053267328582,0.19951151651489366,-0.1885493452778116
231,0.16374846753091424,-0.5507902998767115,-0.07948180485672623,0.7145387674076258,0.28367700851419736,0.1924576144356849,-0.18820440748683
232,0.18061809146558855,-0.5395386578395145,0.0107097265772865,0.7201567493051031,0.22097948389780325,0.24661316334724592,-0.2188257646602323
233,0.2831250250672783,-0.46513396975338583,0.03214046840687216,0.7482589948206642,0.2505048447168463,0.18634249098815767,-0.21234376880045874
234,0.2239802517321901,-0.5094935396545424,0.0012306607238032423,0.7334737913867325,0.25111108608246624,0.23382553752261606,-0.1858297692942896
235,0.2396328318896624,-0.5120575249852786,0.03058471670170691,0.751690356874941,0.23746602195729694,0.16648175689176545,-0.1740491094777548
236,0.2395050477969223,-0.4865734128926948,0.038972093303797445,0.7260784606896171,0.2516416130841868,0.28362439870688166,-0.18278016805554598
237,0.2616412479484509,-0.4651399963528016,0.060014511840027665,0.7267812443012525,0.24571016251706945,0.27881971372284414,-0.21274869151363937
238,0.1733334938273834,-0.5311116028813414,-0.01750001620372621,0.7044450967087248,0.25452578679193705,0.2777780349797811,-0.22222242798382488
239,0.17089658438869926,-0.5429752238172596,-0.017486253887873237,0.7138718082059589,0.2515048340665558,0.2487735089202584,-0.20226367899168834
240,0.25219317240626515,-0.5043863448125303,0.061854196641309346,0.7565795172187955,0.21544293247467258,0.1461574067354491,-0.19487654231393214
241,0.23590842995495456,-0.49691350139447876,0.03565814477599269,0.7328219313494333,0.21571068150101816,0.2697888959591236,-0.1995182998023286
242,0.2148024380246897,-0.501205688724276,0.024861393289894642,0.7160081267489657,0.24284038836835597,0.30191676011248053,-0.1980955817338805
243,0.21612555684885082,-0.5216823786006743,0.04078231293029082,0.7378079354495252,0.22943581450876832,0.22854656586315258,-0.1738941262002248
244,0.20946059964759836,-0.49777695445664555,0.023410302313555113,0.7072375541042439,0.24422846381832738,0.3412975653081456,-0.1774254491132598
245,0.14280289770948124,-0.5633867745250767,-0.07710704408285915,0.7061896722345579,0.2705048523985844,0.21909485675975204,-0.190729897625677
246,0.15826862517541632,-0.5569452885919713,-0.08481061349062394,0.7152139137673876,0.2778989383056758,0.1773009282028398,-0.19332813075224906
247,0.17995870242318912,-0.5464599622362694,-0.041423420832167004,0.7264186646594585,0.2520909584362535,0.18544524822877415,-0.20409950396776325
248,0.5213731944844311,-0.13577426939698728,0.36093326614699117,0.6571474638814184,0.1747078045730195,0.27697950956985407,-0.20094591870754117
249,0.6960312442443489,0.38668402458019385,0.494633314775498,0.30934721966415507,0.08388233507353503,0.08009883366304016,-0.11048114988005539
250,0.22021649375396773,-0.49900120393186304,-0.0016594327986779484,0.7192176976858308,0.26002923150206736,0.23895832300962455,-0.24598650898049587
251,0.21401910247091332,-0.5221125356982721,-0.029692210645003086,0.7361316381691854,0.2653718980708268,0.16580600795823505,-0.20225981112635766
252,0.16451931535006686,-0.5541703253896989,-0.07215759445178371,0.7186896407397657,0.277103248480819,0.18183713801849494,-0.18508422976882521
253,0.16034533852312202,-0.5579139176009998,-0.062142970808904026,0.7182592561241219,0.27467555388632164,0.17572091892944877,-0.1921947550790846
254,0.24009389057409725,-0.5063366207156704,0.04308615610550012,0.7464305112897677,0.21051950238889888,0.20681354930640058,-0.19968204760617989
255,0.298183187632093,-0.4303674873040518,0.09619225683492348,0.7285506749361448,0.22349601910177866,0.298183187632093,-0.2167207703923975
256,0.6915116155830557,0.28614273748264374,0.4711916432331382,0.405368878100412,0.08960948951054917,0.17287790389576393,-0.12518744764865664
257,0.38127060447945926,-0.3451502314235105,0.17073565226909118,0.7264208359029697,0.22067473267280405,0.26086936095963004,-0.24882923660764708
258,0.21019278020351567,-0.532488376515573,0.003016655641809716,0.7426811567190887,0.2363858710747832,0.17165743716620446,-0.1880057645153668
259,0.21967074131519615,-0.5105860473812667,0.04007506767236686,0.7302567886964628,0.2402334715796321,0.23896614426855797,-0.20334386189312076
260,0.16150642547589575,-0.5525219818912224,-0.06463798826612056,0.714028407367118,0.27189452378485157,0.2050706586634729,-0.19657032048053102
261,0.24106118443717914,-0.494677638897128,0.000837018001517983,0.7357388233343072,0.25679202104299476,0.22599486040985545,-0.19711773935748503
262,0.2995610501007203,-0.41806871827243386,0.06323152202217586,0.7176297683731542,0.2543815487972782,0.33083390697936693,-0.20574247946478044
263,0.21119725744463924,-0.5256465074177687,-0.0005866590484573311,0.736843764862408,0.24370699999569517,0.180690986924858,-0.21002393934772456
264,0.30658039954427113,-0.4588278088417663,-0.005735347610522079,0.7654082083860374,0.23872254273481888,0.15850415214533745,-0.1658036854678201
265,0.24080027657855285,-0.4892856683670595,-0.004909934717470492,0.7300859449456123,0.2738618445273837,0.22927260376362213,-0.20493640559876838
266,0.27643438049014185,-0.48001008705264947,-0.03008991803138818,0.7564444675427914,0.256065212769513,0.1446458967680975,-0.18321813590625682
267,0.2068799628036272,-0.5171999070090679,-0.03261885777159463,0.7240798698126951,0.27491002372735235,0.18454633045550833,-0.23391541248819211
268,0.2592479418577978,-0.47442373359976997,0.040399470939506826,0.7336716754575678,0.25001516834955845,0.2462855447649079,-0.2112870726141052
269,0.26285305547026644,-0.48102109151058753,0.0281471813566077,0.743874146980854,0.2638036086302514,0.20239685271210514,-0.18662566938388916
270,0.2732413928272276,-0.468796507301616,0.020202897100379164,0.7420379001288436,0.26741784214092285,0.21162813758187235,-0.1955551144743884
271,0.26816416425896134,-0.4716816103483516,0.05636635149044388,0.7398457746073129,0.23516425811037167,0.19274299306112844,-0.2502067425451916
272,0.31092723653332194,-0.4470997488836819,0.012860737277533998,0.7580269854170039,0.2428247772211372,0.18610243354549197,-0.18723720448174497
273,0.18435178836766497,-0.5339019325453155,-0.004788358139419869,0.7182537209129805,0.26065874425400537,0.23702372790128354,-0.20230813139048948
274,0.2852310780206003,-0.4637726688426555,0.022589865911936857,0.7490037468632558,0.20187660232277027,0.2634577132862034,-0.17854159082205517
275,0.28949072675965837,-0.4520118365194666,0.04528583006327989,0.7415025632791249,0.24953935775082695,0.2285453105997303,-0.21330895655974827
276,0.306564636095861,-0.43077616968642535,0.11595278800608534,0.7373408057822863,0.21827542206132705,0.24313747000706215,-0.23785187283299558
277,0.472269444802594,-0.2584717907365548,0.08948123208112212,0.7307412355391488,0.2433122783771087,0.28719087859617204,-0.16274149787116415
278,0.25215635346709736,-0.4699277496432269,0.04575109595103774,0.7220841031103243,0.2368252906643727,0.3094646156187104,-0.20057891753064563
279,0.2653583313756192,-0.47622343398660233,0.009279644028760492,0.7415817653622215,0.2586133680574246,0.2274499983219593,-0.18480312363659193
280,0.4701409979890979,-0.27513933405043794,0.1927756175466661,0.7452803320395359,0.1412415472092076,0.19633729177385623,-0.22839235981856745
281,0.3069563383896663,-0.44546102766305234,0.04663615100534056,0.7524173660527187,0.25159252288897915,0.18155344404754653,-0.2068211914149886
282,0.4375920349126482,-0.31164303593410003,0.06209985366303418,0.7492350708467482,0.21627798985249,0.17358355628453756,-0.26320111325004303
283,0.3032853667989862,-0.4440097769937158,0.07177753680909339,0.747295143792702,0.2076846187038634,0.22079174702966195,-0.2353494446360133
284,0.30988949182577386,-0.4410835832556635,0.026106870205516833,0.7509730750814373,0.24874523740263682,0.20131507133207205,-0.20583900551930964
285,0.29940476657512183,-0.4396022366380757,0.043168147561756985,0.7390070032131975,0.25457608098533896,0.20791997678827903,-0.2471277438397831
286,0.3149351100358334,-0.43535147563776966,0.031744378431920704,0.7502865856736031,0.24453708186885587,0.21883358748813422,-0.19915014311089463
287,0.23792383686511528,-0.5067777725226955,0.02319757409434874,0.7447016093878108,0.23248686661154266,0.20937297644130146,-0.18320135438613877
288,0.20404639399938224,-0.5286656571802176,-0.0036712892859737333,0.7327120511795999,0.24139820861485223,0.1889747853517006,-0.21911800264706388
289,0.5186741184174207,-0.17513671530977845,0.27112510735456086,0.6938108337271992,0.13034836926883853,0.23239294916105216,-0.2728091142325395
290,0.45379311512817716,-0.29902261559770615,0.11131955831924654,0.7528157307258834,0.21037120964886144,0.11870747051366225,-0.2592030210583131
291,0.44295152788269004,-0.31418654884702435,0.07024844967390206,0.7571380767297143,0.20967859216623197,0.14765050929423001,-0.24722875974847816
292,0.3924577554710417,-0.3729432814420949,0.05845307729966943,0.7654010369131367,0.2213326884158889,0.17237785392236363,-0.19731301518157346
293,0.36702389022660453,-0.38082178083662727,0.08255737881663598,0.7478456710632319,0.24053608101609975,0.22490561694337044,-0.21386730445535226
294,0.22372524858919526,-0.5059241416960212,-0.002224540824040294,0.7296493902852164,0.2600151840121028,0.21228475292270232,-0.22118291621886352
295,0.20361294612837508,-0.5256055120988287,-0.017954242342715244,0.7292184582272038,0.2639271935601038,0.19769396513627116,-0.20361294612837508
296,0.3479299046880155,-0.40508981760104656,0.060887733320402704,0.753019722289062,0.24147317241324948,0.1876336271710369,-0.22491183124475286
297,0.35433694069505156,-0.39586080093275294,0.14729435978762398,0.7501977416278045,0.20287439101769306,0.17716847034752578,-0.24637490407702806
298,0.6847172233421718,0.21555912586698,0.4619727932796257,0.46915809747519177,0.12976295903921198,0.15976735211317342,-0.09383161949503835
299,0.7109481856423062,0.1895861828379483,0.37909008000626215,0.5213620028043578,0.12668805488900886,0.10861708391757456,-0.12342850445178927
300,0.7063147501984995,0.1872804261889961,0.39295446566441145,0.5190343240095034,0.13695184012867373,0.12708314634253307,-0.08561390911496965
301,0.6686239551928627,0.2598081654463695,0.3648776441195336,0.4088157897464932,0.12322401341133225,0.38589153985416647,-0.1451869159847359
302,0.3629561526616606,-0.40443685582299327,0.10966460898277317,0.7673930084846539,0.24032145917613548,0.16073772475016398,-0.1420714083275643
303,0.3832641740323594,-0.3712118415156186,0.08968944114541326,0.7544760155479779,0.22645236919576542,0.167527421982698,-0.24225188358649133
304,0.5016366980269487,-0.19109969448645664,0.28555469973002295,0.6927363925134052,0.14701139702622787,0.2818720493675235,-0.22215339484050584
305,0.7117144922723062,0.304076160785072,0.4471168185456826,0.4076383314872342,0.10065757118083567,0.11457942290451989,-0.10796907158310529
306,0.3647975137282116,-0.37321591789117037,0.16544502625814728,0.738013431619382,0.13004653988460785,0.2600351508113919,-0.2665827984936931
307,0.6914042100125822,0.0887084646808596,0.3130886988736222,0.6026957453317227,0.14969802098932816,0.13567176951190293,-0.10958104460576776
308,0.3920819014021786,-0.3552419912033161,0.15010070554238883,0.7473238926054947,0.21634477908079722,0.18683097315137367,-0.2394594162926057
309,0.3602604274927932,-0.39609785221720717,0.0858997921574221,0.7563582797100004,0.2477085526748241,0.17824403349774323,-0.20182128660591034
310,0.5502064848757748,-0.17292203810381493,0.2003595837120381,0.7231285229795897,0.17753057430841027,0.1781620998645366,-0.20261572141457104
311,0.49935706964193155,-0.2470503397175872,0.16002787962794063,0.7464074093595188,0.19196333267972304,0.1629480964094724,-0.20850347820136791
312,0.5373926062942437,-0.18911725866104045,0.1782726633830352,0.726509864955284,0.1938744824400805,0.18724481055548559,-0.207841739716589
313,0.46186984770279094,-0.2886686548142443,0.1177978599202919,0.7505385025170352,0.20583097924334126,0.1605719392404234,-0.24085790886063513
314,0.46586984555152294,-0.2639929124791963,0.13183469587655947,0.7298627580307193,0.16247175754293114,0.18828906257707387,-0.31834439446020735
315,0.29981294137240594,-0.44280065187309187,0.0659204095453431,0.7426135932454978,0.21320885088157468,0.287128547698958,-0.1741221313355127
316,0.389785249040347,-0.3573031449536514,0.1512447971536763,0.7470883939939984,0.24984253453000768,0.15699683641902865,-0.22872814961048138
317,0.5064493072729701,-0.24032148657220556,0.1348112142236701,0.7467707938451756,0.18881959580651367,0.13145101446734733,-0.2387085906891706
318,0.44038774141351616,-0.29211649179188004,0.1445829100788093,0.7325042332053961,0.20691157483126163,0.16486877756435656,-0.3053945141460564
319,0.5629863540768237,-0.15803125728472245,0.19493265329999185,0.7210176113615462,0.1751792832564749,0.1456850653093535,-0.21976221716156716
320,0.5447451773527919,-0.18559141688991018,0.18029289650030628,0.7303365942427021,0.1708694479100207,0.14520809932590195,-0.22941161254447232
321,0.24339306405568745,-0.4867861281113749,0.031198283974059174,0.7301791921670623,0.24499165372635384,0.20251789299290024,-0.2619726872660453
322,0.29793793480205405,-0.4461187066083666,0.03008279853160069,0.7440566414104207,0.238373212699954,0.19704889867860717,-0.24906980792975947
323,0.3195863270237764,-0.43103181542181124,0.08508644518624474,0.7506181424455876,0.25558496493834926,0.1761822059233639,-0.21223809922861048
324,0.5779664297557454,-0.13804930647032135,0.22762796755772988,0.7160157362260667,0.1674590852896983,0.12332404711348707,-0.1978706726074606
325,0.4364965636690686,-0.3152475182054384,0.1287934305147005,0.751744081874507,0.17588599668290378,0.17944858728617263,-0.25543132244338085
326,0.3609375082650892,-0.3824860162212139,0.0717535386455681,0.7434235244863031,0.20177468187449235,0.18406017212523204,-0.30167911138574616
327,0.3057117301011708,-0.4438251513143901,0.03543359308279222,0.749536881415561,0.2104630061982983,0.18932401559564893,-0.2576048081055551
328,0.3872443507189256,-0.3735538938753272,0.1340523899269008,0.7607982445942528,0.1836003604700817,0.2190473094975741,-0.17895382874132168
329,0.30875187536069343,-0.4402573037550629,0.07337621729251048,0.7490091791157564,0.2532473895453587,0.16438178549296178,-0.2308492031053333
330,0.3039960755333826,-0.44875611150166,0.04630980780281468,0.7527521870350427,0.251877009958819,0.16486559651942706,-0.21633583153037014
331,0.6688753649170841,0.11969348635358347,0.3703750650034292,0.5491818785635006,0.14009519813030208,0.1795402295303752,-0.21826459276241691
332,0.4667340076913343,-0.2935689265768682,0.08376409848180226,0.7603029342682025,0.1893122848543263,0.15693085475998486,-0.22457346457032318
333,0.343087016096221,-0.39707532827379893,0.08156298775214729,0.7401623443700199,0.20531481416842973,0.2176948071676529,-0.2838740285466194
334,0.6720105884044586,0.18920686469640097,0.4632305997739472,0.48280372370805763,0.14969507979915006,0.16637155343993879,-0.12178832670113166
335,0.7115522153855561,0.17389555388474937,0.3630956909557841,0.5376566615008067,0.14694429587691482,0.0940455546519563,-0.11001555449851491
336,0.7133099211865831,0.2608544371976825,0.4398552143455022,0.4524554839889006,0.11444862279183839,0.10157163926281441,-0.03924358789699648
337,0.6886231514457144,0.2772378921404824,0.49951262690096326,0.41138525930523195,0.13463697587050874,0.0860778939307143,-0.06819157830874768
338,0.7090178321155908,0.27546829680429136,0.44391872546089284,0.43354953531129947,0.10002529789975416,0.12129996024052603,-0.10799609363350059
339,0.7049742185796418,0.17861454416928146,0.3620369282074263,0.5263596744103604,0.14153045852801444,0.1311947536818616,-0.1604369578157705
340,0.7167225675894205,0.23720711311678333,0.4026782041216362,0.47951545447263727,0.12385438405437345,0.09564802948257392,-0.11605294243885636
341,0.7159561325588452,0.2916858317832332,0.42105613183034213,0.42427030077561195,0.11820404001874729,0.13499509570133109,-0.11329945532076001
342,0.7115654352217226,0.21923908004128748,0.35690455500873336,0.49232635518043505,0.1307717330704506,0.16250616020604206,-0.17981450863035423
343,0.6672553952632881,0.1237894624696598,0.4133863553610793,0.5434659327936284,0.1816325563024351,0.09208728305669814,-0.17813605574902264
344,0.6625895933199463,0.09419165787391394,0.3958485621856297,0.5683979354460323,0.19333332613365214,0.10068763427901145,-0.1575274278236147
345,0.7224683125002394,0.2347516085434951,0.35836721850210285,0.48771670395674416,0.12096129131414726,0.15279091762960242,-0.1366011515231545
346,0.7052400067112689,0.16169867557192075,0.3258325721614909,0.5435413311393481,0.1404245095338371,0.16656911760721957,-0.1655950292001598
347,0.6889858032829546,0.11440723670750168,0.35286157914137783,0.5745785665754529,0.14683771468254028,0.10169532151777927,-0.16017013139050235
348,0.6846524062703021,0.08979047951085929,0.31866267051406,0.5948619267594428,0.1408867286476916,0.12682905230908875,-0.17845857802783283
349,0.6761351118514874,0.06146682835013523,0.296065223219818,0.6146682835013523,0.1492180318166159,0.14239815234447994,-0.17620490793705432
350,0.5842734370860597,-0.08592256427736172,0.3291311559402273,0.6701960013634215,0.2278882290791187,0.12315567546421848,-0.16325287212698728
351,0.5468827000348011,-0.15207433369951687,0.2599155078373954,0.698957033734318,0.2299526838511392,0.15646109332546448,-0.2105644620454849
352,0.7134993025480738,0.26548811257602745,0.4249982694994963,0.44801118997204636,0.11138177319177275,0.13629970065287125,-0.0900763239097236
353,0.5399659388224548,-0.19553084135632068,0.20956895304344117,0.7354967801787755,0.17343472226374618,0.16469713175782397,-0.1677052985479212
354,0.6333233842216208,-0.015353294162948384,0.2556483408278437,0.6486766783845692,0.1559006223125244,0.13817964746653547,-0.2629251625404911
355,0.7097732323249004,0.2681879314322099,0.45439743985838155,0.4415853008926905,0.11011601009008938,0.09132261458251976,-0.048551263448934553
356,0.7056695476546252,0.16254186210022267,0.33111297010152063,0.5431276855544025,0.1424630485544561,0.16551518884595845,-0.15263077294777005
357,0.6871534348479695,0.08624192906998808,0.3302463117209624,0.6009115057779815,0.1546314461871942,0.08345993135805298,-0.13909988559675496
358,0.6856264053507053,0.0779120915171256,0.31251405597424825,0.6077143138335797,0.15815789723616336,0.08700183552745692,-0.1558241830342512
359,0.6720928398062023,0.024514024552201908,0.2280314992199615,0.6475788152540004,0.13840468816163035,0.17261958955508844,-0.16546966572736288
360,0.5464976458460262,-0.14806586463808594,0.31284522460274367,0.6945635104841122,0.21096851123733706,0.13056717154449396,-0.1938316773444034
361,0.6543674224825466,0.035275871831943216,0.2883067608264859,0.6190915506506034,0.1704115652917899,0.14463107451096718,-0.2328207540908252
362,0.4807904837863373,-0.2757474833480464,0.15336980751174462,0.7565379671343837,0.16404759553503845,0.18100347624897406,-0.19302323834363247
363,0.48238977445098347,-0.22282979428954058,0.1941598436506391,0.705219568740524,0.22909709966189531,0.1848752688885749,-0.30975790085304267
364,0.29416232126816955,-0.44724679458119654,0.0749163394726333,0.7414091158493661,0.24779763782348002,0.16659192684064703,-0.26264492970372283
