Configuration,Filename,Test Weight,RL A,RL B,RL C,RL hp @ 50 mph,hp to ETW x 100,Perf Baseline,Perf Neutral,Transient Penalty,Start Stop, ,Electric,Accessory, ,Engine,Engine Displacement,Engine Cylinders,Engine Max Power,Engine Max Torque,Engine Inertia, ,Transmission,Transmission Torque Rating,# Gears,Gear Ratios,FDR,FDR Efficiency,N/V,N/V @ 60MPH,K Factor,Torque Ratio, ,FTP Total,FTP GHG, ,Combined FE,Combined GHG, ,EPA_FTP_1,EPA_FTP_2,EPA_FTP_3,EPA_HWFET, ,EPA_FTP_1,EPA_FTP_2,EPA_FTP_3,EPA_HWFET, ,EPA_FTP_1 Crankshaft Work,EPA_FTP_1 Transmission Work,EPA_FTP_1 Engine Eff.,EPA_FTP_1 Trans Eff.,EPA_FTP_1 J2951 PT Eff.,EPA_FTP_1 UpShifts,EPA_FTP_1 DownShifts, ,EPA_FTP_2 Crankshaft Work,EPA_FTP_2 Transmission Work,EPA_FTP_2 Engine Eff.,EPA_FTP_2 Trans Eff.,EPA_FTP_2 J2951 PT Eff.,EPA_FTP_2 UpShifts,EPA_FTP_2 DownShifts, ,EPA_FTP_3 Crankshaft Work,EPA_FTP_3 Transmission Work,EPA_FTP_3 Engine Eff.,EPA_FTP_3 Trans Eff.,EPA_FTP_3 J2951 PT Eff.,EPA_FTP_3 UpShifts,EPA_FTP_3 DownShifts, ,EPA_HWFET Crankshaft Work,EPA_HWFET Transmission Work,EPA_HWFET Engine Eff.,EPA_HWFET Trans Eff.,EPA_HWFET J2951 PT Eff.,EPA_HWFET UpShifts,EPA_HWFET DownShifts, ,zero to thirty,zero to sixty,thirty to fifty,fifty to seventy,quarter mi,total performance,quarter mile Speed, ,Combined Fuel Energy Rate,Combined Engine Energy Rate,Combined Roadload Energy Rate,Combined Engine Efficiency,Combined Transmission Efficiency,Combined Total Efficiency
#,,lbs,lbf,lbf/mph,lbf/mph^2,hp,hp*100/lb,#,#,#,, ,Name,Name, ,Name,L,#,kW,Nm,kg-m^2, ,Name,Nm,,,#,%,#,#,RPM/sqrt(Nm),#, ,CFR MPG,gCO2/mi, ,CFR MPG,gCO2/mi, ,CFR MPG,CFR MPG,CFR MPG,CFR MPG, ,gCO2/mi,gCO2/mi,gCO2/mi,gCO2/mi, ,kWh,kWh,%,%,%,#,#, ,kWh,kWh,%,%,%,#,#, ,kWh,kWh,%,%,%,#,#, ,kWh,kWh,%,%,%,#,#, ,sec,sec,sec,sec,sec,sec,MPH, ,J/m,J/m,J/m,%,%,%
1,output/2017_01_12_11_14_Fiesta_matrix_results.csv,2875,22.88,0.255,0.01916,11.14,4.17,1,0,1,0,---,electric_2010_LPW_LRL,electric_2010_LPW_LRL,---,I4_2L5_GDI_VVT converted to 1.62L,1.623,4,89.3,162.5,0.0948,---,TRX11_FWD,187,6,[3.312 2.142 1.381 1.045 0.7225 0.539],3.948,100,32.3,1938.5,237.7,2.2,---,33.7,263.7,---,38.96,228.1,---,31.72,33.22,36.4,48.17,---,279,266.3,243.1,183.7,---,0.87,0.703,26.325,80.754,21.03,31,28,---,0.827,0.617,21.745,74.537,15.92,49,48,---,0.872,0.703,26.324,80.59,20.986,31,28,---,2.2,1.891,30.805,85.959,26.375,16,13,---,3.67,9.55,4.2,6.41,17.41,37.57,81.1,---,1934.904,496.192,399.529,25.644,80.519,20.649
2,output/2017_01_12_11_14_Fiesta_matrix_results.csv,2875,22.88,0.255,0.01916,11.14,4.25,0,1,1,1,---,electric_2010_LPW_LRL,electric_2010_LPW_LRL,---,Toyota TNGA 2.5L converted to 1.50L,1.5,4,91.2,150.1,0.057,---,TRX21_FWD,173,8,[4.71 3.14 2.1 1.67 1.29 1 0.84 0.67],3.277,100,33.3,2000,247.4,2.2,---,44.7,198.8,---,48.69,182.5,---,41.27,45.47,46.13,54.65,---,214.4,194.6,191.8,161.9,---,0.792,0.706,30.09,89.081,26.465,44,40,---,0.719,0.621,25.232,86.366,21.363,65,65,---,0.791,0.706,30.261,89.215,26.656,44,40,---,2.078,1.895,33.006,91.197,29.96,19,13,---,3.7,9.07,4.55,6.06,17.16,36.83,84.5,---,1548.386,453.105,400.465,29.263,88.382,25.863
3,output/2017_01_12_11_14_Fiesta_matrix_results.csv,2875,22.88,0.255,0.01916,11.14,4.2,0,1,1,1,---,electric_2020_LPW_LRL,electric_2020_LPW_LRL,---,Toyota TNGA 2.5L converted to 1.48L,1.481,4,90.1,148.2,0.0563,---,TRX22_FWD,170,8,[5.501 3.473 2.2 1.737 1.326 1 0.817 0.632],3.056,100,29.3,1759.3,249,2.2,---,48.59,182.9,---,52.28,170,---,43.43,50.73,49.09,57.63,---,203.7,174.4,180.2,153.5,---,0.763,0.707,30.526,92.592,27.869,46,45,---,0.683,0.623,26.738,91.263,23.862,64,65,---,0.763,0.707,31.054,92.698,28.382,46,45,---,2.022,1.896,33.877,93.768,31.611,23,16,---,3.58,8.94,4.42,6.08,17.07,36.52,84.9,---,1441.994,437.015,400.734,30.306,91.698,27.79
4,output/2017_01_12_11_14_Fiesta_matrix_results.csv,2629.1457,20.93,0.255,0.01724,10.24,4.18,0,1,1,1,---,electric_2020_LPW_LRL,electric_2020_LPW_LRL,---,Toyota TNGA 2.5L converted to 1.35L 3 Cylinder,1.347,3,82,134.8,0.0512,---,TRX22_FWD,155,8,[5.501 3.473 2.2 1.737 1.326 1 0.817 0.632],3.173,100,30.4,1826.6,261,2.2,---,53.81,165.2,---,57.72,154,---,47.95,56.13,54.6,63.34,---,184.5,157.6,162.1,139.7,---,0.7,0.649,30.917,92.675,28.245,49,47,---,0.626,0.572,27.138,91.369,24.229,76,76,---,0.699,0.649,31.649,92.854,28.973,47,46,---,1.858,1.742,34.216,93.729,31.907,19,14,---,3.62,9.03,4.43,6.63,17.15,37.23,84.4,---,1306.183,401.152,367.913,30.712,91.714,28.167
5,output/2017_01_12_11_14_Fiesta_matrix_results.csv,2629.1457,19.32,0.255,0.01533,9.38,4.18,0,1,1,1,---,electric_2020_LPW_LRL,electric_2020_LPW_LRL,---,Toyota TNGA 2.5L converted to 1.35L 3 Cylinder,1.347,3,82,134.8,0.0512,---,TRX22_FWD,155,8,[5.501 3.473 2.2 1.737 1.326 1 0.817 0.632],3.173,100,30.4,1826.6,261,2.2,---,55.12,161.2,---,60.04,148,---,49.67,56.93,56.42,67.39,---,178.1,155.4,156.8,131.3,---,0.67,0.62,30.644,92.537,27.949,49,46,---,0.611,0.557,26.832,91.245,23.907,78,78,---,0.669,0.62,31.319,92.662,28.599,49,46,---,1.725,1.615,33.797,93.628,31.473,19,14,---,3.62,8.98,4.4,6.51,17.1,36.99,85,---,1255.626,380.55,348.28,30.308,91.52,27.738
6,output/2017_01_12_11_14_Fiesta_matrix_results.csv,2370.3518,17.69,0.255,0.01533,9.17,4.17,0,1,1,1,---,electric_2020_LPW_LRL,electric_2020_LPW_LRL,---,Toyota TNGA 2.5L converted to 1.21L 3 Cylinder,1.212,3,73.7,121.3,0.0461,---,TRX22_FWD,139,8,[5.501 3.473 2.2 1.737 1.326 1 0.817 0.632],3.29,100,31.6,1894,275.2,2.2,---,59.03,150.6,---,63.39,140.2,---,52.82,61.52,59.77,69.67,---,167.5,143.8,148,127,---,0.628,0.582,30.546,92.734,27.918,48,46,---,0.561,0.513,26.628,91.458,23.765,77,77,---,0.628,0.583,31.121,92.847,28.461,48,47,---,1.667,1.561,33.751,93.648,31.459,18,14,---,3.52,8.89,4.8,6.47,17.06,37.22,84.3,---,1189.4,359.691,329.756,30.241,91.678,27.725
7,output/2017_01_12_11_14_Fiesta_matrix_results.csv,2875,22.88,0.255,0.01916,11.14,4.57,0,1,1,1,---,electric_2010_LPW_LRL,electric_2010_LPW_LRL,---,Honda L15B7 1.5L converted to 1.13L 3 Cylinder,1.129,3,98.1,173.5,0.0717,---,TRX21_FWD,200,8,[4.71 3.14 2.1 1.67 1.29 1 0.84 0.67],3.581,100,36.4,2185.7,230.1,2.2,---,43.96,202.1,---,48.18,184.4,---,40.71,44.65,45.39,54.58,---,217.3,198.2,194.9,162.1,---,0.797,0.707,29.87,88.61,26.115,37,37,---,0.725,0.621,24.986,85.562,20.97,73,73,---,0.799,0.707,30.066,88.535,26.232,38,38,---,2.095,1.894,33.23,90.428,29.924,10,9,---,3.82,9.03,4.2,6.63,17.17,37.04,85.4,---,1564.732,456.833,400.464,29.196,87.661,25.593
8,output/2017_01_12_11_14_Fiesta_matrix_results.csv,2875,22.88,0.255,0.01916,11.14,4.45,0,1,1,1,---,electric_2020_LPW_LRL,electric_2020_LPW_LRL,---,Honda L15B7 1.5L converted to 1.10L 3 Cylinder,1.097,3,95.3,168.7,0.0697,---,TRX22_FWD,194,8,[5.501 3.473 2.2 1.737 1.326 1 0.817 0.632],3.389,100,32.5,1951.4,233.3,2.2,---,47.92,185.4,---,51.71,171.9,---,43.1,49.52,49.08,57.24,---,205.3,178.6,180.3,154.6,---,0.767,0.707,30.397,92.215,27.669,34,38,---,0.688,0.623,26.297,90.594,23.309,75,78,---,0.766,0.707,31.16,92.299,28.386,35,39,---,2.03,1.896,33.773,93.372,31.399,10,9,---,3.68,8.92,4.28,6.92,17.1,37.22,85.3,---,1457.931,439.059,400.871,30.115,91.302,27.496
9,output/2017_01_12_11_14_Fiesta_matrix_results.csv,2629.1457,20.93,0.255,0.01724,10.24,4.41,0,1,1,1,---,electric_2020_LPW_LRL,electric_2020_LPW_LRL,---,Honda L15B7 1.5L converted to 1.00L 3 Cylinder,0.996,3,86.5,153,0.0632,---,TRX22_FWD,176,8,[5.501 3.473 2.2 1.737 1.326 1 0.817 0.632],3.474,100,33.3,2000,245,2.2,---,51.79,171.6,---,55.86,159.1,---,46.57,53.45,53.17,61.8,---,190,165.5,166.4,143.2,---,0.704,0.649,30.161,92.211,27.435,33,38,---,0.631,0.572,26.048,90.656,23.089,76,78,---,0.703,0.649,30.984,92.338,28.22,33,38,---,1.865,1.741,33.498,93.338,31.129,10,9,---,3.85,8.91,4.22,6.82,17.15,37.11,84.9,---,1349.681,403.191,368.006,29.873,91.273,27.266
10,output/2017_01_12_11_14_Fiesta_matrix_results.csv,2629.1457,19.32,0.255,0.01533,9.38,4.32,0,1,1,1,---,electric_2020_LPW_LRL,electric_2020_LPW_LRL,---,Honda L15B7 1.5L converted to 0.98L 3 Cylinder,0.975,3,84.7,149.9,0.0619,---,TRX22_FWD,172,8,[5.501 3.473 2.2 1.737 1.326 1 0.817 0.632],3.474,100,33.3,2000,247.6,2.2,---,53.22,167,---,58.29,152.5,---,48.09,54.65,54.94,65.97,---,184,161.9,161,134.1,---,0.674,0.621,29.828,92.064,27.065,34,39,---,0.615,0.557,25.94,90.59,22.963,75,77,---,0.673,0.62,30.651,92.201,27.852,34,39,---,1.732,1.615,33.204,93.238,30.813,10,9,---,3.86,8.99,4.27,6.84,17.19,37.28,84.9,---,1293.349,382.451,348.369,29.571,91.089,26.935
11,output/2017_01_12_11_14_Fiesta_matrix_results.csv,2370.3518,17.69,0.255,0.01533,9.17,4.39,0,1,1,1,---,electric_2020_LPW_LRL,electric_2020_LPW_LRL,---,Honda L15B7 1.5L converted to 0.89L 3 Cylinder,0.894,3,77.6,137.3,0.0568,---,TRX22_FWD,158,8,[5.501 3.473 2.2 1.737 1.326 1 0.817 0.632],3.474,100,33.3,2000,258.6,2.2,---,56.93,156.1,---,61.46,144.6,---,51.15,58.78,58.46,68.07,---,173,150.5,151.4,130,---,0.632,0.583,29.745,92.2,27.03,34,39,---,0.565,0.513,25.649,90.682,22.713,74,77,---,0.631,0.583,30.578,92.349,27.828,33,38,---,1.672,1.561,33.085,93.334,30.737,10,9,---,3.86,8.95,4.24,6.86,17.17,37.21,84.7,---,1226.731,361.516,329.769,29.47,91.219,26.882
