name,description,density_kgpL_15C,energy_density_MJpkg,carbon_weight_fraction,anti_knock_index,research_octane_number,motor_octane_number,cetane_number,alcohol_pct_vol,gCO2pgal,notes
MTE_GASOLINE,Gasoline for MTE,0.740088832,43.30878071,0.866,93,,,,0,8887,Energy Density = 115000 BTU/lbm; specific gravity = 0.7408
MTE_DIESEL,Diesel for MTE,0.838934352,43.0979888,0.874,,,,,0,10180,CWF calculated from 10180 gCO2/gal and default density
RICARDO_GASOLINE,Estimated Ricardo Gasoline,0.73829,44,0.886512463,,,,,0,9087,From reverse engineering Ricardo EASY5 modeling ; SG = 0.739; CWF gives 9087 gCO2/gal
IAV_GT-POWER,IAV GT-Power map fuel,0.741,43.051,0.8696,,,,,,,Generic fuel used by IAV for NHTSA GT-Power map
GEM_DIESEL,GEM Diesel,0.838934352,43.0979888,0.874,,,,,0,10180,density calculated from CWF and gCO2/gal - not from actual fuel properties
GEM_GASOLINE,GEM Gasoline,0.756617618,42.7011732,0.846,,,,,0,8887,density calculated from CWF and gCO2/gal - not from actual fuel properties
GEM_CNG,GEM CNG,0.977638165,49.71825,0.75,,,,,0,10180,density calculated from CWF and gCO2/gal - not from actual fuel properties
GEM_LNG,GEM LNG,0.977638165,49.71825,0.75,,,,,0,10180,density calculated from CWF and gCO2/gal - not from actual fuel properties
GEM_DME,GEM DME,1.407348606,28.8574606,0.521,,,,,0,10180,density calculated from CWF and gCO2/gal - not from actual fuel properties
GEM_LPG,GEM LPG,0.894181249,46.347876,0.82,,,,,0,10180,density calculated from CWF and gCO2/gal - not from actual fuel properties
GEM_E85,GEM E85,0.838934352,43.0979888,0.874,,,,,85,10180,Placeholder based on GEM_DIESEL
FTAG 23111,LEV III Regular,0.75045,41.85379,0.8255,,,,,10.295,,
FTAG 23945,Tier 2 Cert,0.743,42.887,0.86678,,97.1,88.2,,0,,
FTAG 24693,Tier 2 Cert,0.74571,42.96287,0.88678,92.3,96.2,88.4,,0,,corrected 3/24/16 - energy density was wrong
FTAG 23729,Tier 2 Cert Diesel,0.85061,42.9098,0.86819,,,,43,0,,7-15 ppm Sulfur
FTAG 24350,LEV III Regular,0.7502,41.83515,0.826,88.1,92.4,83.8,,9.75,,
FTAG 23110,LEV III Premium,0.7492,,,,,,,10.07,,
FTAG 24670,LEV III Regular,0.74818,41.823806,0.8265,88.425,92.3,84.5,,9.34,,
FTAG 24293,In-House Tier 3,0.752495,41.26197,0.8319,90.05,94.7,85.4,,9.68,,
FTAG 24054,In House,0.7494,41.73729,0.825,88.1,92,84.2,,10.13,,
FTAG 24064,In House - Not Cert,0.74156,,0.84288,88.25,92.2,84.3,,10.02,,
FTAG 25278,Tier 2 Cert,0.74245,42.908,0.8664,,96.6,88.9,,0,,
FEV Malibu,FEV Malibu,0.757,41.047,0.8272,,93.3,,,10,,"From FEV spreadsheet """"""""""""""""P310798_Mapping_&_WOT.xls"""""""""""""""""""""""""""""""
AVL Euro,AVL Euro,0.743,42.75,,,,,,,,Joe Mcdonald's take on AVL's fuel - true properties unknown
EURO Gasoline,Generic Euro Gasoline,0.743,43.2,,,,,,,,Generic values for high octane European fuel
RICARDO_CAF-W14/D60,Ricardo 95RON E0,0.7209,44.04,0.8693,,95,84.7,,0,,From Ricardo Fuel Report for VW 1.4l testing
FEV BMW X5,FEV BMW X5 Diesel,0.848,42.874,0.8659,,,,43.4,,,"From FEV """"""""""""""""BMW X5 35d N57 fuel analysis.docx"""""""""""""""""""""""""""""""
FEV JETTA HYBRID,FEV Jetta Hybrid Tier II,0.742,43.012,0.8666,,,,,,,CWF is made up
ANL JETTA HYBRID,Tier II EEE,0.741,42.703034,0.8631,,,,,,,
HF003,Haltermannsolutions_EEE-Lube Cert Gasoline: HF003,0.742,42.774,0.86285,,,,,,,"2012 PSA 1.6l engine test fuel, carbon_weight_fraction = average([0.8663,0.8594])"
