Configuration,Vehicle Type,Package,Network Path,Filename,Key,Unique Key,Test Weight lbs,RL A lbf,RL B lbf/mph,RL C lbf/mph2,RL_ADJ A lbf,RL_ADJ B lbf/mph,RL_ADJ C lbf/mph2,RL hp @ 50 mph,Perf Baseline,Perf Neutral,Shift Norm,Transient Penalty,Weight Reduction %,Aero Improvement %,Crr Improvement %,Start Stop,Var Val,DEAC D Cyl.,DEAC C Cyl.,DEAC Time,High Eff. Alt. Regen, ,Electric,Accessory, ,Transmission,Transmission Vintage,Transmission Torque Rating Nm,Gear Count,Gear Ratios,FDR,AVG FDR Efficiency,N/V,N @ 60MPH,Min Speed RPM,Upshift Min Speed RPM,K Factor RPM/sqrt(Nm),Torque Ratio, ,Engine,Engine,Engine Scale %,Engine ES_PCT %,Engine Displacement L,Engine Cylinders,Engine Max Power kW,Engine Max Torque Nm,Engine Inertia kg-m2,Engine Max Eff. %,Engine Min BSFC g/kWh,Engine Fuel ID,Fast Fuel Torque Norm,Engine Refuel Limit g/s,Engine Throttle/Power Time Const secs,Engine Boost secs, ,Idle Speed RPM,Idle Gross Torque Nm,Idle Gross Power kW,Idle Fuel Rate g/s,Idle Efficiency %,Engine Fuel Energy Density MJ/kg,Vehicle Fuel Energy Density MJ/kg, ,FTP Total VOL MPG,FTP Total CFR MPG,FTP GHG gCO2/mi, ,Combined FE VOL MPG,Combined FE CFR MPG,Combined GHG gCO2/mi,Combined Load Factor, ,EPA_FTP_1 VOL MPG,EPA_FTP_2 VOL MPG,EPA_FTP_3 VOL MPG,EPA_HWFET VOL MPG, ,EPA_FTP_1 CFR MPG,EPA_FTP_2 CFR MPG,EPA_FTP_3 CFR MPG,EPA_HWFET CFR MPG, ,EPA_FTP_1 gCO2/mi,EPA_FTP_2 gCO2/mi,EPA_FTP_3 gCO2/mi,EPA_HWFET gCO2/mi, ,EPA_FTP_1 g Fuel,EPA_FTP_2 g Fuel,EPA_FTP_3 g Fuel,EPA_HWFET g Fuel, ,EPA_FTP_1 CFR gals Fuel,EPA_FTP_2 CFR gals Fuel,EPA_FTP_3 CFR gals Fuel,EPA_HWFET CFR gals Fuel, ,EPA_FTP_1dist. mi,EPA_FTP_2dist. mi,EPA_FTP_3dist. mi,EPA_HWFETdist. mi, ,zero to thirty sec,zero to sixty sec,thirty to fifty sec,fifty to seventy sec,quarter mi sec,total performance sec,quarter mile speed MPH,top speed MPH, ,EPA_FTP_1 Crankshaft Work kWh,EPA_FTP_1 Transmission Work kWh,EPA_FTP_1 Engine Efficiency %,EPA_FTP_1 Trans Efficiency %,EPA_FTP_1 J2951 PT Efficiency %,EPA_FTP_1 UpShifts,EPA_FTP_1 DownShifts, ,EPA_FTP_2 Crankshaft Work kWh,EPA_FTP_2 Transmission Work kWh,EPA_FTP_2 Engine Efficiency %,EPA_FTP_2 Trans Efficiency %,EPA_FTP_2 J2951 PT Efficiency %,EPA_FTP_2 UpShifts,EPA_FTP_2 DownShifts, ,EPA_FTP_3 Crankshaft Work kWh,EPA_FTP_3 Transmission Work kWh,EPA_FTP_3 Engine Efficiency %,EPA_FTP_3 Trans Efficiency %,EPA_FTP_3 J2951 PT Efficiency %,EPA_FTP_3 UpShifts,EPA_FTP_3 DownShifts, ,EPA_HWFET Crankshaft Work kWh,EPA_HWFET Transmission Work kWh,EPA_HWFET Engine Efficiency %,EPA_HWFET Trans Efficiency %,EPA_HWFET J2951 PT Efficiency %,EPA_HWFET UpShifts,EPA_HWFET DownShifts, ,Initial Acc. Battery V,Initial Acc. Battery SoC,Max Acc. Battery SoC,Min Acc. Battery SoC,Final Acc. Battery SoC, ,Initial Prop. Battery V,Initial Prop. Battery SoC,EPA_FTP_1 Prop. Battery Delta SoC,EPA_FTP_2 Prop. Battery Delta SoC,EPA_FTP_3 Prop. Battery Delta SoC,EPA_HWFET Prop. Battery Delta SoC,Max Prop. Battery SoC,Min Prop. Battery SoC,Final Prop. Battery SoC, ,FTP Fuel Energy Rate J/m,FTP Engine Energy Rate J/m,FTP Roadload Energy Rate J/m,FTP Engine Efficiency %,FTP Transmission Efficiency %,FTP Target Roadload Energy Rate J/m,FTP Target Total Efficiency %,FTP Target Rel. Efficiency %, ,HWFET Fuel Energy Rate J/m,HWFET Engine Energy Rate J/m,HWFET Roadload Energy Rate J/m,HWFET Engine Efficiency %,HWFET Transmission Efficiency %,HWFET Target Roadload Energy Rate J/m,HWFET Target Total Efficiency %,HWFET Target Rel. Efficiency %, ,Combined Fuel Energy Rate J/m,Combined Engine Energy Rate J/m,Combined Roadload Energy Rate J/m,Combined Engine Efficiency %,Combined Transmission Efficiency %,Combined Target Roadload Energy Rate J/m,Combined Target Total Efficiency %,Combined Target Rel. Efficiency %, ,EPA_FTP_1 Max Engine Speed,EPA_FTP_2 Max Engine Speed,EPA_FTP_3 Max Engine Speed,EPA_HWFET Max Engine Speed,
#,,,,,Key,#,lbs,lbf,lbf/mph,lbf/mph^2,lbf,lbf/mph,lbf/mph^2,hp,#,#,#,#,,,,,,%,%,%,, ,Name,Name, ,Name,,Nm,#,,#,%,#,#,RPM,RPM,RPM/sqrt(Nm),#, ,Filename,Name,%,%,L,#,kW,Nm,kg-m^2,%,g/kWh,ID,#,g/s,secs,secs, ,RPM,Nm,kW,g/s,%,MJ/kg,MJ/kg, ,VOL MPG,CFR MPG,gCO2/mi, ,VOL MPG,CFR MPG,gCO2/mi,norm, ,VOL MPG,VOL MPG,VOL MPG,VOL MPG, ,CFR MPG,CFR MPG,CFR MPG,CFR MPG, ,gCO2/mi,gCO2/mi,gCO2/mi,gCO2/mi, ,g Fuel,g Fuel,g Fuel,g Fuel, ,CFR gals Fuel,CFR gals Fuel,CFR gals Fuel,CFR gals Fuel, ,dist. mi,dist. mi,dist. mi,dist. mi, ,sec,sec,sec,sec,sec,sec,MPH,MPH, ,kWh,kWh,%,%,%,#,#, ,kWh,kWh,%,%,%,#,#, ,kWh,kWh,%,%,%,#,#, ,kWh,kWh,%,%,%,#,#, ,V,%,%,%,%, ,V,%,%,%,%,%,%,%,%, ,J/m,J/m,J/m,%,%,J/m,%,%, ,J/m,J/m,J/m,%,%,J/m,%,%, ,J/m,J/m,J/m,%,%,J/m,%,%, ,RPM,RPM,RPM,RPM,
1,"MPW_LRL",BLF,M:\batch_jobs\110W-KN-SC2825_2018_01_25_11_10_02_MPW_LRL_future_kargul_SAE\,output/2018_01_25_11_11_20_110W-KN-SC2825_ML_10408_110W-KN-SC2825_M_MPW_LRL_future_kargul_SAE_results.csv,'UKN:1 + PKG:BLF + CYC:matrix_alt_drive_cycle + ENG:engine_2013_Chevrolet_Ecotec_LCV_2L5_Tier3 + TRANS:TRX11_FWD + VEH:vehicle_MPW_LRL_FWD + ELEC:electric_EPS_HEA_REGEN + CON:CVM_controls_param + DRV:driver_param + ETW_LBS:3510 + TRGA_LBS:30.62 + TRGB_LBS:-0.0199 + TRGC_LBS:0.01954 + WR_PCT:0 + AE_PCT:0 + RR_PCT:0 + FUEL:MTE_GASOLINE + ES_HP:183.4 + ES_CYL:4 + CC_SEP:1 + PB:1 + FDR_AUTO:1 + TCK_AUTO:1 + TCTR_AUTO:1 + VEH_TYPE:"MPW_LRL" + NTRT:1 + AS:1 + LU:1',1,3510.000000,30.620000,-0.019900,0.019540,0.000000,0.000000,0.000000,10.46,1,0,1,1,0.000000%,0.000000%,0.000000%,0,,0.000000,0.000000,0.000000,0,---,electric_EPS_HEA_REGEN,electric_EPS_HEA_REGEN,---,TRX11_FWD,present,286,6,[4.584 2.965 1.912 1.446 1 0.746],2.894138,100.000000,28.8,1728.1,800.0000,1200.0000,192.1,2.200,---,engine_2013_Chevrolet_Ecotec_LCV_2L5_Tier3,2013 Chevrolet 2.5L Ecotec LCV Engine Tier 3 Fuel converted to 2.44L 4 Cylinder,99.200014,99.200014,2.437344,4.000000,136.8,248.8,0.141707,36.6,226.8,MTE_GASOLINE,0.000000,Inf,0.2,0.5,---,649.819041,16.194694,1.102031,0.150164,16.945364,43.308781,43.308781,---,31.276914,31.127740,285.500974,---,36.982430,36.806044,241.454909,0.038729,---,30.337076,29.985104,34.931228,47.593806,---,30.192384,29.842092,34.764625,47.366809,---,293.034850,296.474553,254.494932,186.785240,---,332.299571,361.384978,288.595608,603.899910,---,0.119182,0.129613,0.103507,0.216593,---,3.598376,3.867931,3.598376,10.259316,---,2.925044,7.216195,3.515745,5.231363,15.728482,31.691785,90.737168,139.990411,---,0.962672,0.775619,24.081021,80.569397,18.690429,24.000000,24.000000,---,1.009574,0.739064,23.221724,73.205540,16.013796,40.000000,40.000000,---,0.965270,0.775632,27.802607,80.353909,21.520678,24.000000,24.000000,---,2.211621,1.858758,30.441942,84.045046,25.345399,11.000000,10.000000,---,12.73,76.80,77.77,76.72,76.85,---,---,---,---,---,---,---,---,---,---,---,2422.012976,591.336242,432.447128,24.415073,73.130496,432.447128,17.854864,48.725816,---,1591.658610,482.220842,401.488368,30.296751,83.258195,401.488368,25.224528,68.837583,---,2048.353511,542.234312,418.515686,26.471715,77.183549,418.515686,20.431809,55.758284,---,3178,2847,3179,2762,
2,"MPW_LRL",1a,M:\batch_jobs\110W-KN-SC2825_2018_01_25_11_10_02_MPW_LRL_future_kargul_SAE\,output/2018_01_25_11_11_20_110W-KN-SC2825_ML_10408_110W-KN-SC2825_M_MPW_LRL_future_kargul_SAE_results.csv,'UKN:2 + PKG:1a + CYC:matrix_alt_drive_cycle + ENG:engine_2013_Ford_EcoBoost_1L6_Tier2 + TRANS:TRX11_FWD + VEH:vehicle_MPW_LRL_FWD + ELEC:electric_HPS + CON:CVM_controls_param + DRV:driver_param + ETW_LBS:3510 + TRGA_LBS:30.62 + TRGB_LBS:-0.0199 + TRGC_LBS:0.01954 + SS:0 + WR_PCT:0 + AE_PCT:0 + RR_PCT:0 + FUEL:MTE_GASOLINE + ES_CYL:4 + DEAC_C_CYL_PCT:0 + CC_SEP:1 + PN:1 + FDR_AUTO:1 + TCK_AUTO:1 + TCTR_AUTO:1 + VEH_TYPE:"MPW_LRL" + NTRT:1 + AS:1 + LU:1 || ES_PCT:99',2,3510.000000,30.620000,-0.019900,0.019540,0.000000,0.000000,0.000000,10.46,0,1,1,1,0.000000%,0.000000%,0.000000%,0,,0.000000,0.000000,0.000000,0,---,electric_HPS,electric_HPS,---,TRX11_FWD,present,301,6,[4.584 2.965 1.912 1.446 1 0.746],3.208488,100.000000,31.9,1915.8,800.0000,1200.0000,187.5,2.200,---,engine_2013_Ford_EcoBoost_1L6_Tier2,2013 Ford EcoBoost 1.6L Tier 2 converted to 1.67L 4 Cylinder,104.531867,99.000000,1.668329,4.000000,139.2,261.4,0.104323,34.8,239.2,MTE_GASOLINE,0.000000,Inf,0.2,0.5,---,685.000005,25.531158,1.831427,0.194924,21.694453,43.308781,43.308781,---,31.089429,30.941149,287.222684,---,36.097170,35.925007,247.376433,0.038045,---,29.874439,30.080771,34.310861,44.945608,---,29.731954,29.937302,34.147217,44.731241,---,297.572800,295.531667,259.096392,197.790638,---,337.379618,360.020072,293.756066,639.466350,---,0.121004,0.129124,0.105358,0.229349,---,3.597672,3.865616,3.597671,10.259069,---,2.802964,7.411034,3.591386,4.856342,15.812568,31.671331,90.120402,134.171279,---,0.965077,0.768203,23.777689,79.600222,18.398973,23.000000,23.000000,---,0.998790,0.726293,23.060790,72.717299,16.064553,45.000000,45.000000,---,0.968355,0.768209,27.401505,79.331346,21.131197,23.000000,23.000000,---,2.252642,1.855062,29.282025,82.350488,23.919272,7.000000,7.000000,---,13.20,99.00,99.00,98.71,98.90,---,---,---,---,---,---,---,---,---,---,---,2436.618896,589.180447,432.371214,24.180246,73.385194,432.371214,17.744721,51.057342,---,1685.439238,491.176872,401.222246,29.142366,81.685899,401.222246,23.805204,68.495326,---,2098.588050,545.078838,418.354178,25.973599,76.751132,418.354178,19.935031,57.359578,---,3453,2597,3453,2427,
5,"MPW_LRL",1a,M:\batch_jobs\110W-KN-SC2825_2018_01_25_11_10_02_MPW_LRL_future_kargul_SAE\,output/2018_01_25_11_11_19_110W-KN-SC2825_ML_11076_110W-KN-SC2825_M_MPW_LRL_future_kargul_SAE_results.csv,'UKN:3 + PKG:1a + CYC:matrix_alt_drive_cycle + ENG:engine_2013_Ford_EcoBoost_1L6_Tier2 + TRANS:TRX11_FWD + VEH:vehicle_MPW_LRL_FWD + ELEC:electric_HPS + CON:CVM_controls_param + DRV:driver_param + ETW_LBS:3510 + TRGA_LBS:30.62 + TRGB_LBS:-0.0199 + TRGC_LBS:0.01954 + SS:0 + WR_PCT:0 + AE_PCT:0 + RR_PCT:0 + FUEL:MTE_GASOLINE + ES_CYL:4 + DEAC_C_CYL_PCT:100 + CC_SEP:1 + PN:1 + FDR_AUTO:1 + TCK_AUTO:1 + TCTR_AUTO:1 + VEH_TYPE:"MPW_LRL" + NTRT:1 + AS:1 + LU:1 || ES_PCT:99',3,3510.000000,30.620000,-0.019900,0.019540,0.000000,0.000000,0.000000,10.46,0,1,1,1,0.000000%,0.000000%,0.000000%,0,,0.000000,100.000000,0.000000,0,---,electric_HPS,electric_HPS,---,TRX11_FWD,present,301,6,[4.584 2.965 1.912 1.446 1 0.746],3.208488,100.000000,31.9,1915.8,800.0000,1200.0000,187.5,2.200,---,engine_2013_Ford_EcoBoost_1L6_Tier2,2013 Ford EcoBoost 1.6L Tier 2 converted to 1.67L 4 Cylinder,104.531867,99.000000,1.668329,4.000000,139.2,261.4,0.104323,34.8,239.2,MTE_GASOLINE,0.000000,Inf,0.2,0.5,---,685.000005,25.531158,1.831427,0.194924,21.694453,43.308781,43.308781,---,32.191059,32.037525,277.393466,---,37.163400,36.986151,240.279124,0.038045,---,30.350855,31.537880,35.173038,45.812230,---,30.206098,31.387462,35.005282,45.593730,---,292.901813,281.877551,252.745307,194.049066,---,332.083786,343.386471,286.555388,627.369674,---,0.119104,0.123158,0.102775,0.225011,---,3.597672,3.865616,3.597671,10.259069,---,2.802964,7.411034,3.591386,4.856342,15.812568,31.671331,90.120402,134.171279,---,0.965077,0.768203,24.156879,79.600222,18.692386,23.000000,23.000000,---,0.998790,0.726293,24.177852,72.717299,16.842718,45.000000,45.000000,---,0.968355,0.768209,28.090061,79.331346,21.662190,23.000000,23.000000,---,2.252642,1.855062,29.846629,82.350488,24.380473,7.000000,7.000000,---,13.20,99.00,99.00,98.71,98.90,---,---,---,---,---,---,---,---,---,---,---,2353.233911,589.180447,432.371214,25.037054,73.385194,432.371214,18.373491,52.866518,---,1653.556071,491.176872,401.222246,29.704277,81.685899,401.222246,24.264206,69.816024,---,2038.378883,545.078838,418.354178,26.740801,76.751132,418.354178,20.523867,59.053853,---,3453,2597,3453,2427,
9,"MPW_LRL",1b,M:\batch_jobs\110W-KN-SC2825_2018_01_25_11_10_02_MPW_LRL_future_kargul_SAE\,output/2018_01_25_11_11_19_110W-KN-SC2825_ML_11164_110W-KN-SC2825_M_MPW_LRL_future_kargul_SAE_results.csv,'UKN:4 + PKG:1b + CYC:matrix_alt_drive_cycle + ENG:engine_2015_Ford_EcoBoost_2L7_Tier2 + TRANS:TRX11_FWD + VEH:vehicle_MPW_LRL_FWD + ELEC:electric_HPS + CON:CVM_controls_param + DRV:driver_param + ETW_LBS:3510 + TRGA_LBS:30.62 + TRGB_LBS:-0.0199 + TRGC_LBS:0.01954 + SS:0 + WR_PCT:0 + AE_PCT:0 + RR_PCT:0 + FUEL:MTE_GASOLINE + ES_CYL:4 + DEAC_C_CYL_PCT:0 + CC_SEP:1 + PN:1 + FDR_AUTO:1 + TCK_AUTO:1 + TCTR_AUTO:1 + VEH_TYPE:"MPW_LRL" + NTRT:1 + AS:1 + LU:1 || ES_PCT:101',4,3510.000000,30.620000,-0.019900,0.019540,0.000000,0.000000,0.000000,10.46,0,1,1,1,0.000000%,0.000000%,0.000000%,0,,0.000000,0.000000,0.000000,0,---,electric_HPS,electric_HPS,---,TRX11_FWD,present,321,6,[4.584 2.965 1.912 1.446 1 0.746],3.366335,100.000000,33.5,2010.1,800.0000,1200.0000,181.4,2.200,---,engine_2015_Ford_EcoBoost_2L7_Tier2,2015 Ford EcoBoost 2.7L Tier 2 converted to 1.48L 4 Cylinder,54.930317,101.000000,1.479823,4.000000,133.1,279.2,0.084977,45.5,182.7,MTE_GASOLINE,0.000000,Inf,0.2,0.5,---,700.000014,27.279898,1.999721,0.174825,26.411339,43.308781,43.308781,---,31.880446,31.728394,280.096121,---,36.788378,36.612917,242.728542,0.039771,---,30.147387,31.239066,34.731004,45.314740,---,30.003601,31.090073,34.565356,45.098613,---,294.878635,284.573821,255.962094,196.179441,---,334.323104,346.722238,290.200700,634.258946,---,0.119907,0.124354,0.104083,0.227481,---,3.597651,3.866186,3.597649,10.259097,---,2.774361,7.415050,3.572812,4.834540,15.854650,31.677052,89.768622,135.778715,---,0.984250,0.769964,24.471775,78.228558,18.568069,25.000000,25.000000,---,1.018332,0.727879,24.413737,71.477567,16.675763,47.000000,47.000000,---,0.988024,0.769961,28.300604,77.929370,21.391106,25.000000,25.000000,---,2.298226,1.855426,30.119846,80.732950,24.114651,7.000000,7.000000,---,13.20,99.00,99.00,98.71,98.90,---,---,---,---,---,---,---,---,---,---,---,2376.161564,600.824636,432.288389,25.285513,71.949178,432.288389,18.192719,39.983429,---,1671.709697,501.114882,401.204480,29.976190,80.062376,401.204480,23.999650,52.745735,---,2059.158224,555.955247,418.300630,26.999151,75.239982,418.300630,20.314157,44.645864,---,3623,2750,3623,2562,
12,"MPW_LRL",1b,M:\batch_jobs\110W-KN-SC2825_2018_01_25_11_10_02_MPW_LRL_future_kargul_SAE\,output/2018_01_25_11_11_19_110W-KN-SC2825_ML_11164_110W-KN-SC2825_M_MPW_LRL_future_kargul_SAE_results.csv,'UKN:5 + PKG:1b + CYC:matrix_alt_drive_cycle + ENG:engine_2015_Ford_EcoBoost_2L7_Tier2 + TRANS:TRX11_FWD + VEH:vehicle_MPW_LRL_FWD + ELEC:electric_HPS + CON:CVM_controls_param + DRV:driver_param + ETW_LBS:3510 + TRGA_LBS:30.62 + TRGB_LBS:-0.0199 + TRGC_LBS:0.01954 + SS:0 + WR_PCT:0 + AE_PCT:0 + RR_PCT:0 + FUEL:MTE_GASOLINE + ES_CYL:4 + DEAC_C_CYL_PCT:100 + CC_SEP:1 + PN:1 + FDR_AUTO:1 + TCK_AUTO:1 + TCTR_AUTO:1 + VEH_TYPE:"MPW_LRL" + NTRT:1 + AS:1 + LU:1 || ES_PCT:101',5,3510.000000,30.620000,-0.019900,0.019540,0.000000,0.000000,0.000000,10.46,0,1,1,1,0.000000%,0.000000%,0.000000%,0,,0.000000,100.000000,0.000000,0,---,electric_HPS,electric_HPS,---,TRX11_FWD,present,321,6,[4.584 2.965 1.912 1.446 1 0.746],3.366335,100.000000,33.5,2010.1,800.0000,1200.0000,181.4,2.200,---,engine_2015_Ford_EcoBoost_2L7_Tier2,2015 Ford EcoBoost 2.7L Tier 2 converted to 1.48L 4 Cylinder,54.930317,101.000000,1.479823,4.000000,133.1,279.2,0.084977,45.5,182.7,MTE_GASOLINE,0.000000,Inf,0.2,0.5,---,700.000014,27.279898,1.999721,0.174825,26.411339,43.308781,43.308781,---,32.818438,32.661912,272.090624,---,37.646058,37.466506,237.198524,0.039771,---,30.541611,32.502186,35.463400,45.898067,---,30.395944,32.347168,35.294259,45.679158,---,291.072412,273.514538,250.675916,193.686162,---,330.007722,333.247017,284.207401,626.198038,---,0.118360,0.119521,0.101933,0.224590,---,3.597651,3.866178,3.597649,10.259097,---,2.774361,7.415050,3.572803,4.834540,15.854650,31.677043,89.768622,135.778715,---,0.984272,0.769972,24.792344,78.227572,18.810886,25.000000,25.000000,---,1.018899,0.728085,25.415077,71.458009,17.350438,47.000000,47.000000,---,0.988048,0.769969,28.898088,77.928323,21.842207,25.000000,25.000000,---,2.298226,1.855426,30.507572,80.732950,24.425073,7.000000,7.000000,---,13.20,99.00,99.00,98.71,98.90,---,---,---,---,---,---,---,---,---,---,---,2308.247899,601.002122,432.293436,26.037157,71.928770,432.293436,18.728207,41.160309,---,1650.463646,501.114882,401.204480,30.362067,80.062376,401.204480,24.308592,53.424719,---,2012.244985,556.052864,418.303405,27.633458,75.227273,418.303405,20.787897,45.687036,---,3623,2750,3623,2562,
16,"MPW_LRL",1c,M:\batch_jobs\110W-KN-SC2825_2018_01_25_11_10_02_MPW_LRL_future_kargul_SAE\,output/2018_01_25_11_11_20_110W-KN-SC2825_ML_5452_110W-KN-SC2825_M_MPW_LRL_future_kargul_SAE_results.csv,'UKN:6 + PKG:1c + CYC:matrix_alt_drive_cycle + ENG:engine_2016_Honda_Turbo_1L5_paper_image + TRANS:TRX11_FWD + VEH:vehicle_MPW_LRL_FWD + ELEC:electric_HPS + CON:CVM_controls_param + DRV:driver_param + ETW_LBS:3510 + TRGA_LBS:30.62 + TRGB_LBS:-0.0199 + TRGC_LBS:0.01954 + SS:0 + WR_PCT:0 + AE_PCT:0 + RR_PCT:0 + FUEL:MTE_GASOLINE + ES_CYL:4 + DEAC_C_CYL_PCT:0 + CC_SEP:1 + PN:1 + FDR_AUTO:1 + TCK_AUTO:1 + TCTR_AUTO:1 + VEH_TYPE:"MPW_LRL" + NTRT:1 + AS:1 + LU:1 || ES_PCT:98',6,3510.000000,30.620000,-0.019900,0.019540,0.000000,0.000000,0.000000,10.46,0,1,1,1,0.000000%,0.000000%,0.000000%,0,,0.000000,0.000000,0.000000,0,---,electric_HPS,electric_HPS,---,TRX11_FWD,present,280,6,[4.584 2.965 1.912 1.446 1 0.746],3.221315,100.000000,32.1,1923.5,800.0000,1200.0000,194.3,2.200,---,engine_2016_Honda_Turbo_1L5_paper_image,Honda 1.5L Downsized Turbocharged Engine from 2016 SAE Paper converted to 1.65L 4 Cylinder,110.495316,98.000000,1.653010,4.000000,143.7,243.2,0.104750,38.0,218.8,MTE_GASOLINE,0.000000,Inf,0.2,0.5,---,630.000011,22.835016,1.506505,0.209932,16.569710,43.308781,43.308781,---,33.191136,33.032832,269.035363,---,39.179047,38.992184,227.917470,0.036840,---,31.960834,32.026713,36.780666,50.261597,---,31.808398,31.873963,36.605243,50.021877,---,278.147326,277.575172,241.698188,176.871029,---,315.480328,338.364001,274.139014,571.853735,---,0.113149,0.121357,0.098322,0.205099,---,3.599096,3.868116,3.599096,10.259454,---,2.877070,7.353319,3.499056,4.854210,15.723040,31.429626,91.252875,140.532546,---,0.954963,0.770147,25.161752,80.646740,19.678952,23.000000,23.000000,---,0.979155,0.727552,24.054360,74.304044,17.099335,46.000000,46.000000,---,0.957213,0.770120,29.024482,80.454345,22.646807,23.000000,23.000000,---,2.236356,1.855542,32.507420,82.971677,26.749719,7.000000,7.000000,---,13.20,99.00,99.00,98.71,98.90,---,---,---,---,---,---,---,---,---,---,---,2282.328960,579.783522,432.258160,25.403153,74.555096,432.258160,18.939345,49.863255,---,1507.176353,487.607373,401.242771,32.352377,82.288085,401.242771,26.622151,70.090445,---,1933.510287,538.304255,418.301235,27.840775,77.707213,418.301235,21.634291,56.958472,---,3532,3623,3532,3070,
19,"MPW_LRL",1c,M:\batch_jobs\110W-KN-SC2825_2018_01_25_11_10_02_MPW_LRL_future_kargul_SAE\,output/2018_01_25_11_11_20_110W-KN-SC2825_ML_8616_110W-KN-SC2825_M_MPW_LRL_future_kargul_SAE_results.csv,'UKN:7 + PKG:1c + CYC:matrix_alt_drive_cycle + ENG:engine_2016_Honda_Turbo_1L5_paper_image + TRANS:TRX11_FWD + VEH:vehicle_MPW_LRL_FWD + ELEC:electric_HPS + CON:CVM_controls_param + DRV:driver_param + ETW_LBS:3510 + TRGA_LBS:30.62 + TRGB_LBS:-0.0199 + TRGC_LBS:0.01954 + SS:0 + WR_PCT:0 + AE_PCT:0 + RR_PCT:0 + FUEL:MTE_GASOLINE + ES_CYL:4 + DEAC_C_CYL_PCT:100 + CC_SEP:1 + PN:1 + FDR_AUTO:1 + TCK_AUTO:1 + TCTR_AUTO:1 + VEH_TYPE:"MPW_LRL" + NTRT:1 + AS:1 + LU:1 || ES_PCT:98',7,3510.000000,30.620000,-0.019900,0.019540,0.000000,0.000000,0.000000,10.46,0,1,1,1,0.000000%,0.000000%,0.000000%,0,,0.000000,100.000000,0.000000,0,---,electric_HPS,electric_HPS,---,TRX11_FWD,present,280,6,[4.584 2.965 1.912 1.446 1 0.746],3.221315,100.000000,32.1,1923.5,800.0000,1200.0000,194.3,2.200,---,engine_2016_Honda_Turbo_1L5_paper_image,Honda 1.5L Downsized Turbocharged Engine from 2016 SAE Paper converted to 1.65L 4 Cylinder,110.495316,98.000000,1.653010,4.000000,143.7,243.2,0.104750,38.0,218.8,MTE_GASOLINE,0.000000,Inf,0.2,0.5,---,630.000011,22.835016,1.506505,0.209932,16.569710,43.308781,43.308781,---,34.307679,34.144050,260.279610,---,40.306649,40.114408,221.541348,0.036841,---,32.452401,33.487872,37.671215,51.262153,---,32.297621,33.328154,37.491544,51.017660,---,273.934135,265.463875,235.984433,173.418789,---,310.702417,323.602002,267.658874,560.692272,---,0.111436,0.116062,0.095998,0.201096,---,3.599105,3.868136,3.599103,10.259458,---,2.877070,7.353319,3.499051,4.854210,15.723040,31.429620,91.252875,140.532546,---,0.955139,0.770305,25.553397,80.648468,19.981744,23.000000,23.000000,---,0.979739,0.727693,25.166672,74.274208,17.879939,46.000000,46.000000,---,0.957420,0.770277,29.733589,80.453458,23.195266,23.000000,23.000000,---,2.236504,1.855558,33.156726,82.966908,27.282229,7.000000,7.000000,---,13.20,99.00,99.00,98.71,98.90,---,---,---,---,---,---,---,---,---,---,---,2208.050589,580.014306,432.264963,26.268162,74.526604,432.264963,19.576769,51.541456,---,1477.758674,487.639467,401.242835,32.998586,82.282683,401.242835,27.152122,71.485744,---,1879.419228,538.445629,418.305005,28.649575,77.687511,418.305005,22.257142,58.598307,---,3532,3623,3532,3087,
21,"MPW_LRL",1d,M:\batch_jobs\110W-KN-SC2825_2018_01_25_11_10_02_MPW_LRL_future_kargul_SAE\,output/2018_01_25_11_11_19_110W-KN-SC2825_ML_8836_110W-KN-SC2825_M_MPW_LRL_future_kargul_SAE_results.csv,'UKN:8 + PKG:1d + CYC:matrix_alt_drive_cycle + ENG:engine_2016_Honda_L15B7_1L5_Tier2 + TRANS:TRX11_FWD + VEH:vehicle_MPW_LRL_FWD + ELEC:electric_HPS + CON:CVM_controls_param + DRV:driver_param + ETW_LBS:3510 + TRGA_LBS:30.62 + TRGB_LBS:-0.0199 + TRGC_LBS:0.01954 + SS:0 + WR_PCT:0 + AE_PCT:0 + RR_PCT:0 + FUEL:MTE_GASOLINE + ES_CYL:4 + DEAC_C_CYL_PCT:0 + CC_SEP:1 + PN:1 + FDR_AUTO:1 + TCK_AUTO:1 + TCTR_AUTO:1 + VEH_TYPE:"MPW_LRL" + NTRT:1 + AS:1 + LU:1 || ES_PCT:101',8,3510.000000,30.620000,-0.019900,0.019540,0.000000,0.000000,0.000000,10.46,0,1,1,1,0.000000%,0.000000%,0.000000%,0,,0.000000,0.000000,0.000000,0,---,electric_HPS,electric_HPS,---,TRX11_FWD,present,302,6,[4.584 2.965 1.912 1.446 1 0.746],3.220566,100.000000,32.1,1923.0,800.0000,1200.0000,187.1,2.200,---,engine_2016_Honda_L15B7_1L5_Tier2,2016 Honda 1.5L L15B7 Engine converted to 1.65L 4 Cylinder,110.555097,101.000000,1.653904,4.000000,143.8,262.3,0.104806,37.1,224.3,MTE_GASOLINE,0.000000,Inf,0.2,0.5,---,630.000011,24.011921,1.584149,0.187037,19.556516,43.308781,43.308781,---,33.292764,33.133976,268.214113,---,38.744771,38.559979,230.472115,0.036825,---,31.804921,32.365174,36.558250,48.440076,---,31.653228,32.210810,36.383887,48.209043,---,279.510850,274.672413,243.168653,183.522015,---,316.963076,334.715073,275.750992,593.345679,---,0.113681,0.120048,0.098900,0.212808,---,3.598372,3.866840,3.598367,10.259250,---,2.766395,7.265358,3.509860,4.949387,15.691115,31.415719,90.291613,140.570267,---,0.962864,0.769791,25.251259,79.947993,19.587233,23.000000,23.000000,---,0.988972,0.726246,24.560402,73.434352,17.282307,47.000000,47.000000,---,0.965359,0.769796,29.100349,79.741968,22.514766,23.000000,23.000000,---,2.256421,1.855561,31.611043,82.234715,25.780943,7.000000,7.000000,---,13.20,99.00,99.00,98.71,98.90,---,---,---,---,---,---,---,---,---,---,---,2275.361986,585.290138,432.336258,25.722946,73.866999,432.336258,19.000768,51.264316,---,1563.851595,491.992016,401.252967,31.460275,81.556805,401.252967,25.657995,69.225599,---,1955.182310,543.305983,418.348777,27.787996,77.000583,418.348777,21.396919,57.729162,---,3510,2662,3510,2454,
24,"MPW_LRL",1d,M:\batch_jobs\110W-KN-SC2825_2018_01_25_11_10_02_MPW_LRL_future_kargul_SAE\,output/2018_01_25_11_11_19_110W-KN-SC2825_ML_8836_110W-KN-SC2825_M_MPW_LRL_future_kargul_SAE_results.csv,'UKN:9 + PKG:1d + CYC:matrix_alt_drive_cycle + ENG:engine_2016_Honda_L15B7_1L5_Tier2 + TRANS:TRX11_FWD + VEH:vehicle_MPW_LRL_FWD + ELEC:electric_HPS + CON:CVM_controls_param + DRV:driver_param + ETW_LBS:3510 + TRGA_LBS:30.62 + TRGB_LBS:-0.0199 + TRGC_LBS:0.01954 + SS:0 + WR_PCT:0 + AE_PCT:0 + RR_PCT:0 + FUEL:MTE_GASOLINE + ES_CYL:4 + DEAC_C_CYL_PCT:100 + CC_SEP:1 + PN:1 + FDR_AUTO:1 + TCK_AUTO:1 + TCTR_AUTO:1 + VEH_TYPE:"MPW_LRL" + NTRT:1 + AS:1 + LU:1 || ES_PCT:101',9,3510.000000,30.620000,-0.019900,0.019540,0.000000,0.000000,0.000000,10.46,0,1,1,1,0.000000%,0.000000%,0.000000%,0,,0.000000,100.000000,0.000000,0,---,electric_HPS,electric_HPS,---,TRX11_FWD,present,302,6,[4.584 2.965 1.912 1.446 1 0.746],3.220566,100.000000,32.1,1923.0,800.0000,1200.0000,187.1,2.200,---,engine_2016_Honda_L15B7_1L5_Tier2,2016 Honda 1.5L L15B7 Engine converted to 1.65L 4 Cylinder,110.555097,101.000000,1.653904,4.000000,143.8,262.3,0.104806,37.1,224.3,MTE_GASOLINE,0.000000,Inf,0.2,0.5,---,630.000011,24.011921,1.584149,0.187037,19.556516,43.308781,43.308781,---,34.347177,34.183359,259.980301,---,39.746103,39.556536,224.665779,0.036825,---,32.248722,33.777363,37.370149,49.197867,---,32.094913,33.616263,37.191914,48.963220,---,275.664273,263.188706,237.885603,180.695240,---,312.601088,320.720809,269.760062,584.206421,---,0.112117,0.115029,0.096751,0.209530,---,3.598372,3.866837,3.598367,10.259250,---,2.766395,7.265358,3.509860,4.949387,15.691115,31.415719,90.291613,140.570267,---,0.962864,0.769791,25.603611,79.947993,19.860550,23.000000,23.000000,---,0.989133,0.726305,25.636221,73.428483,18.036438,47.000000,47.000000,---,0.965359,0.769796,29.746620,79.741968,23.014782,23.000000,23.000000,---,2.256421,1.855561,32.105562,82.234715,26.184257,7.000000,7.000000,---,13.20,99.00,99.00,98.71,98.90,---,---,---,---,---,---,---,---,---,---,---,2205.511433,585.338411,432.336869,26.539804,73.861011,432.336869,19.602568,52.887978,---,1539.763709,491.992016,401.252967,31.952436,81.556805,401.252967,26.059386,70.308557,---,1905.924957,543.332533,418.349113,28.507551,76.996883,418.349113,21.949926,59.221181,---,3510,2662,3510,2454,
28,"MPW_LRL",1e,M:\batch_jobs\110W-KN-SC2825_2018_01_25_11_10_02_MPW_LRL_future_kargul_SAE\,output/2018_01_25_11_11_19_110W-KN-SC2825_ML_9552_110W-KN-SC2825_M_MPW_LRL_future_kargul_SAE_results.csv,'UKN:10 + PKG:1e + CYC:matrix_alt_drive_cycle + ENG:engine_future_Ricardo_EGRB_1L0_Tier2 + TRANS:TRX11_FWD + VEH:vehicle_MPW_LRL_FWD + ELEC:electric_HPS + CON:CVM_controls_param + DRV:driver_param + ETW_LBS:3510 + TRGA_LBS:30.62 + TRGB_LBS:-0.0199 + TRGC_LBS:0.01954 + SS:0 + WR_PCT:0 + AE_PCT:0 + RR_PCT:0 + FUEL:MTE_GASOLINE + ES_CYL:4 + DEAC_C_CYL_PCT:0 + CC_SEP:1 + PN:1 + FDR_AUTO:1 + TCK_AUTO:1 + TCTR_AUTO:1 + VEH_TYPE:"MPW_LRL" + NTRT:1 + AS:1 + LU:1 || ES_PCT:88',10,3510.000000,30.620000,-0.019900,0.019540,0.000000,0.000000,0.000000,10.46,0,1,1,1,0.000000%,0.000000%,0.000000%,0,,0.000000,0.000000,0.000000,0,---,electric_HPS,electric_HPS,---,TRX11_FWD,present,304,6,[4.584 2.965 1.912 1.446 1 0.746],3.426259,100.000000,34.1,2045.9,800.0000,1200.0000,186.3,2.200,---,engine_future_Ricardo_EGRB_1L0_Tier2,Future Ricardo EGRB 1.0L converted to 1.41L 4 Cylinder,135.409539,88.000000,1.408259,4.000000,126.8,264.7,0.097495,36.7,226.3,MTE_GASOLINE,0.000000,Inf,0.2,0.5,---,789.000009,29.440039,2.432450,0.195834,28.680034,43.308781,43.308781,---,34.768132,34.602307,256.832588,---,39.990271,39.799539,223.294042,0.041749,---,32.599484,34.416405,37.363057,48.982268,---,32.444002,34.252257,37.184855,48.748650,---,272.698197,258.301833,237.930757,181.490582,---,309.197660,314.721508,269.776746,586.784121,---,0.110896,0.112877,0.096757,0.210454,---,3.597907,3.866295,3.597907,10.259360,---,2.765705,7.392807,3.501292,4.934908,15.853230,31.682238,88.878694,136.415534,---,0.988414,0.769782,26.572293,77.880592,20.074506,25.000000,25.000000,---,1.029915,0.729319,27.202047,70.813525,18.366285,48.000000,48.000000,---,0.993712,0.769780,30.618401,77.465106,23.008037,25.000000,25.000000,---,2.288523,1.855782,32.419284,81.090842,26.071187,6.000000,6.000000,---,13.20,99.00,99.00,98.71,98.90,---,---,---,---,---,---,---,---,---,---,---,2178.808194,605.774210,432.184493,27.803008,71.344155,432.184493,19.835821,54.002317,---,1546.541089,498.986254,401.278797,32.264662,80.418808,401.278797,25.946856,70.639394,---,1894.287996,557.719630,418.276930,29.442177,74.997706,418.276930,22.080958,60.114622,---,3083,2692,3083,2380,
31,"MPW_LRL",1e,M:\batch_jobs\110W-KN-SC2825_2018_01_25_11_10_02_MPW_LRL_future_kargul_SAE\,output/2018_01_25_11_11_38_110W-TM-SC2411_ML_25980_110W-KN-SC2825_M_MPW_LRL_future_kargul_SAE_results.csv,'UKN:11 + PKG:1e + CYC:matrix_alt_drive_cycle + ENG:engine_future_Ricardo_EGRB_1L0_Tier2 + TRANS:TRX11_FWD + VEH:vehicle_MPW_LRL_FWD + ELEC:electric_HPS + CON:CVM_controls_param + DRV:driver_param + ETW_LBS:3510 + TRGA_LBS:30.62 + TRGB_LBS:-0.0199 + TRGC_LBS:0.01954 + SS:0 + WR_PCT:0 + AE_PCT:0 + RR_PCT:0 + FUEL:MTE_GASOLINE + ES_CYL:4 + DEAC_C_CYL_PCT:100 + CC_SEP:1 + PN:1 + FDR_AUTO:1 + TCK_AUTO:1 + TCTR_AUTO:1 + VEH_TYPE:"MPW_LRL" + NTRT:1 + AS:1 + LU:1 || ES_PCT:88',11,3510.000000,30.620000,-0.019900,0.019540,0.000000,0.000000,0.000000,10.46,0,1,1,1,0.000000%,0.000000%,0.000000%,0,,0.000000,100.000000,0.000000,0,---,electric_HPS,electric_HPS,---,TRX11_FWD,present,304,6,[4.584 2.965 1.912 1.446 1 0.746],3.426259,100.000000,34.1,2045.9,800.0000,1200.0000,186.3,2.200,---,engine_future_Ricardo_EGRB_1L0_Tier2,Future Ricardo EGRB 1.0L converted to 1.41L 4 Cylinder,135.409539,88.000000,1.408259,4.000000,126.8,264.7,0.097495,36.7,226.3,MTE_GASOLINE,0.000000,Inf,0.2,0.5,---,789.000009,29.440039,2.432450,0.195834,28.680034,43.308781,43.308781,---,35.567046,35.397411,251.063561,---,40.708004,40.513849,219.357089,0.041749,---,32.938273,35.505684,37.977275,49.442720,---,32.781175,35.336341,37.796144,49.206905,---,269.893337,250.377388,234.082629,179.800392,---,306.017382,305.066163,265.413563,581.319503,---,0.109755,0.109414,0.095192,0.208494,---,3.597907,3.866295,3.597907,10.259360,---,2.765705,7.392807,3.501292,4.934908,15.853230,31.682238,88.878694,136.415534,---,0.988414,0.769782,26.848445,77.880592,20.283130,25.000000,25.000000,---,1.029915,0.729319,28.062992,70.813525,18.947578,48.000000,48.000000,---,0.993712,0.769780,31.121743,77.465106,23.386270,25.000000,25.000000,---,2.288523,1.855782,32.724038,81.090842,26.316266,6.000000,6.000000,---,13.20,99.00,99.00,98.71,98.90,---,---,---,---,---,---,---,---,---,---,---,2129.867349,605.774210,432.184493,28.441875,71.344155,432.184493,20.291616,55.243202,---,1532.138420,498.986254,401.278797,32.567962,80.418808,401.278797,26.190767,71.303430,---,1860.889331,557.719630,418.276930,29.970596,74.997706,418.276930,22.477260,61.193540,---,3083,2692,3083,2380,
32,"MPW_LRL",1f,M:\batch_jobs\110W-KN-SC2825_2018_01_25_11_10_02_MPW_LRL_future_kargul_SAE\,output/2018_01_25_11_11_38_110W-TM-SC2411_ML_25980_110W-KN-SC2825_M_MPW_LRL_future_kargul_SAE_results.csv,'UKN:12 + PKG:1f + CYC:matrix_alt_drive_cycle + ENG:engine_2012_PSA_EP6D_1L6_Tier2 + TRANS:TRX11_FWD + VEH:vehicle_MPW_LRL_FWD + ELEC:electric_HPS + CON:CVM_controls_param + DRV:driver_param + ETW_LBS:3510 + TRGA_LBS:30.62 + TRGB_LBS:-0.0199 + TRGC_LBS:0.01954 + SS:0 + WR_PCT:0 + AE_PCT:0 + RR_PCT:0 + FUEL:MTE_GASOLINE + ES_CYL:4 + DEAC_C_CYL_PCT:0 + CC_SEP:1 + PN:1 + FDR_AUTO:1 + TCK_AUTO:1 + TCTR_AUTO:1 + VEH_TYPE:"MPW_LRL" + NTRT:1 + AS:1 + LU:1 || ES_PCT:94',12,3510.000000,30.620000,-0.019900,0.019540,0.000000,0.000000,0.000000,10.46,0,1,1,1,0.000000%,0.000000%,0.000000%,0,,0.000000,0.000000,0.000000,0,---,electric_HPS,electric_HPS,---,TRX11_FWD,present,322,6,[4.584 2.965 1.912 1.446 1 0.746],3.139060,100.000000,31.2,1874.4,800.0000,1200.0000,181.1,2.200,---,engine_2012_PSA_EP6D_1L6_Tier2,2012 PSA EP6D 1.6L Tier 2 converted to 1.75L 4 Cylinder,109.452613,94.000000,1.751242,4.000000,132.2,280.2,0.109453,36.3,229.3,MTE_GASOLINE,0.000000,Inf,0.2,0.5,---,700.000011,27.354370,2.005180,0.225789,20.505693,43.308781,43.308781,---,31.139642,30.991123,286.759536,---,36.841474,36.665760,242.378722,0.040036,---,30.479729,29.649157,35.030962,47.463605,---,30.334357,29.507746,34.863883,47.237229,---,291.663368,299.833836,253.770379,187.297624,---,330.668880,365.196228,287.707701,605.541149,---,0.118597,0.130980,0.103188,0.217182,---,3.597555,3.864930,3.597548,10.259056,---,2.611408,7.237227,3.647920,4.881193,15.711606,31.477947,89.311675,136.104105,---,0.980056,0.771676,24.636785,78.737991,18.769091,23.000000,23.000000,---,1.038622,0.734629,23.640552,70.731178,15.825686,43.000000,43.000000,---,0.983855,0.771682,28.425371,78.434491,21.571585,23.000000,23.000000,---,2.265471,1.856291,31.098634,81.938417,25.261657,7.000000,7.000000,---,13.20,99.00,99.00,98.71,98.90,---,---,---,---,---,---,---,---,---,---,---,2432.689838,605.762744,432.231031,24.900944,71.353188,432.231031,17.767618,49.013382,---,1596.024801,493.974637,401.259569,30.950311,81.230804,401.259569,25.141186,69.353955,---,2056.190571,555.458096,418.293873,27.013940,75.306108,418.293873,20.343147,56.118184,---,2818,2540,2818,2381,
35,"MPW_LRL",1f,M:\batch_jobs\110W-KN-SC2825_2018_01_25_11_10_02_MPW_LRL_future_kargul_SAE\,output/2018_01_25_11_11_41_110W-TM-SC2411_ML_26044_110W-KN-SC2825_M_MPW_LRL_future_kargul_SAE_results.csv,'UKN:13 + PKG:1f + CYC:matrix_alt_drive_cycle + ENG:engine_2012_PSA_EP6D_1L6_Tier2 + TRANS:TRX11_FWD + VEH:vehicle_MPW_LRL_FWD + ELEC:electric_HPS + CON:CVM_controls_param + DRV:driver_param + ETW_LBS:3510 + TRGA_LBS:30.62 + TRGB_LBS:-0.0199 + TRGC_LBS:0.01954 + SS:0 + WR_PCT:0 + AE_PCT:0 + RR_PCT:0 + FUEL:MTE_GASOLINE + ES_CYL:4 + DEAC_C_CYL_PCT:100 + CC_SEP:1 + PN:1 + FDR_AUTO:1 + TCK_AUTO:1 + TCTR_AUTO:1 + VEH_TYPE:"MPW_LRL" + NTRT:1 + AS:1 + LU:1 || ES_PCT:94',13,3510.000000,30.620000,-0.019900,0.019540,0.000000,0.000000,0.000000,10.46,0,1,1,1,0.000000%,0.000000%,0.000000%,0,,0.000000,100.000000,0.000000,0,---,electric_HPS,electric_HPS,---,TRX11_FWD,present,322,6,[4.584 2.965 1.912 1.446 1 0.746],3.139060,100.000000,31.2,1874.4,800.0000,1200.0000,181.1,2.200,---,engine_2012_PSA_EP6D_1L6_Tier2,2012 PSA EP6D 1.6L Tier 2 converted to 1.75L 4 Cylinder,109.452613,94.000000,1.751242,4.000000,132.2,280.2,0.109453,36.3,229.3,MTE_GASOLINE,0.000000,Inf,0.2,0.5,---,700.000011,27.354370,2.005180,0.225789,20.505693,43.308781,43.308781,---,32.359639,32.205302,275.948355,---,37.990565,37.809370,235.047554,0.040036,---,31.006539,31.238693,35.977253,48.253004,---,30.858655,31.089701,35.805661,48.022863,---,286.707920,284.577221,247.095583,184.233513,---,325.050717,346.613741,280.140268,595.634748,---,0.116582,0.124315,0.100474,0.213629,---,3.597555,3.864930,3.597548,10.259056,---,2.611408,7.237227,3.647920,4.881193,15.711606,31.477947,89.311675,136.104105,---,0.980056,0.771676,25.062607,78.737991,19.093496,23.000000,23.000000,---,1.038622,0.734629,24.907957,70.731178,16.674125,43.000000,43.000000,---,0.983855,0.771682,29.193226,78.434491,22.154298,23.000000,23.000000,---,2.265471,1.856291,31.615857,81.938417,25.681801,7.000000,7.000000,---,13.20,99.00,99.00,98.71,98.90,---,---,---,---,---,---,---,---,---,---,---,2340.974489,605.762744,432.231031,25.876521,71.353188,432.231031,18.463722,50.933642,---,1569.914501,493.974637,401.259569,31.465066,81.230804,401.259569,25.559326,70.507428,---,1993.997494,555.458096,418.293873,27.856509,75.306108,418.293873,20.977653,57.868518,---,2818,2540,2818,2381,
40,"MPW_LRL",1g,M:\batch_jobs\110W-KN-SC2825_2018_01_25_11_10_02_MPW_LRL_future_kargul_SAE\,output/2018_01_25_11_11_39_110W-TM-SC2411_ML_26376_110W-KN-SC2825_M_MPW_LRL_future_kargul_SAE_results.csv,'UKN:14 + PKG:1g + CYC:matrix_alt_drive_cycle + ENG:engine_2012_PSA_EP6D_CEGR_CR10p5_1L6_Tier2 + TRANS:TRX11_FWD + VEH:vehicle_MPW_LRL_FWD + ELEC:electric_HPS + CON:CVM_controls_param + DRV:driver_param + ETW_LBS:3510 + TRGA_LBS:30.62 + TRGB_LBS:-0.0199 + TRGC_LBS:0.01954 + SS:0 + WR_PCT:0 + AE_PCT:0 + RR_PCT:0 + FUEL:MTE_GASOLINE + ES_CYL:4 + DEAC_C_CYL_PCT:0 + CC_SEP:1 + PN:1 + FDR_AUTO:1 + TCK_AUTO:1 + TCTR_AUTO:1 + VEH_TYPE:"MPW_LRL" + NTRT:1 + AS:1 + LU:1 || ES_PCT:98',14,3510.000000,30.620000,-0.019900,0.019540,0.000000,0.000000,0.000000,10.46,0,1,1,1,0.000000%,0.000000%,0.000000%,0,,0.000000,0.000000,0.000000,0,---,electric_HPS,electric_HPS,---,TRX11_FWD,present,329,6,[4.584 2.965 1.912 1.446 1 0.746],3.111371,100.000000,31.0,1857.8,800.0000,1200.0000,179.1,2.200,---,engine_2012_PSA_EP6D_CEGR_CR10p5_1L6_Tier2,SwRI PSA EP6D 1.6L with Cool EGR @ 10.5CR Tier 2 converted to 1.78L 4 Cylinder,111.519266,98.000000,1.784308,4.000000,134.3,286.3,0.111519,37.9,219.6,MTE_GASOLINE,0.000000,Inf,0.2,0.5,---,700.000011,27.792161,2.037272,0.230848,20.377325,43.308781,43.308781,---,31.665291,31.514265,281.999280,---,37.560980,37.381834,237.735791,0.039416,---,31.178108,30.001242,35.833823,48.626580,---,31.029405,29.858152,35.662915,48.394658,---,285.130212,296.315082,248.084622,182.818129,---,323.251408,360.900953,281.252867,591.057856,---,0.115936,0.129440,0.100873,0.211987,---,3.597437,3.864829,3.597436,10.259040,---,2.616988,7.248806,3.679883,4.854495,15.708527,31.491711,89.541168,135.962143,---,0.983180,0.772315,25.282437,78.552838,19.199071,24.000000,24.000000,---,1.045397,0.734938,24.077956,70.302331,16.009907,40.000000,40.000000,---,0.987045,0.772319,29.172009,78.245623,22.066124,24.000000,24.000000,---,2.267768,1.856313,31.892982,81.856397,25.880765,7.000000,7.000000,---,13.20,99.00,99.00,98.71,98.90,---,---,---,---,---,---,---,---,---,---,---,2392.306780,608.758788,432.183026,25.446519,70.994133,432.183026,18.065535,47.723670,---,1557.853553,494.476263,401.261662,31.740869,81.148822,401.261662,25.757342,68.043092,---,2016.802828,557.331652,418.268412,27.634414,75.048386,418.268412,20.739182,54.786635,---,3021,2499,3025,2355,
43,"MPW_LRL",1g,M:\batch_jobs\110W-KN-SC2825_2018_01_25_11_10_02_MPW_LRL_future_kargul_SAE\,output/2018_01_25_11_11_46_110W-TM-SC2411_ML_26780_110W-KN-SC2825_M_MPW_LRL_future_kargul_SAE_results.csv,'UKN:15 + PKG:1g + CYC:matrix_alt_drive_cycle + ENG:engine_2012_PSA_EP6D_CEGR_CR10p5_1L6_Tier2 + TRANS:TRX11_FWD + VEH:vehicle_MPW_LRL_FWD + ELEC:electric_HPS + CON:CVM_controls_param + DRV:driver_param + ETW_LBS:3510 + TRGA_LBS:30.62 + TRGB_LBS:-0.0199 + TRGC_LBS:0.01954 + SS:0 + WR_PCT:0 + AE_PCT:0 + RR_PCT:0 + FUEL:MTE_GASOLINE + ES_CYL:4 + DEAC_C_CYL_PCT:100 + CC_SEP:1 + PN:1 + FDR_AUTO:1 + TCK_AUTO:1 + TCTR_AUTO:1 + VEH_TYPE:"MPW_LRL" + NTRT:1 + AS:1 + LU:1 || ES_PCT:98',15,3510.000000,30.620000,-0.019900,0.019540,0.000000,0.000000,0.000000,10.46,0,1,1,1,0.000000%,0.000000%,0.000000%,0,,0.000000,100.000000,0.000000,0,---,electric_HPS,electric_HPS,---,TRX11_FWD,present,329,6,[4.584 2.965 1.912 1.446 1 0.746],3.111371,100.000000,31.0,1857.8,800.0000,1200.0000,179.1,2.200,---,engine_2012_PSA_EP6D_CEGR_CR10p5_1L6_Tier2,SwRI PSA EP6D 1.6L with Cool EGR @ 10.5CR Tier 2 converted to 1.78L 4 Cylinder,111.519266,98.000000,1.784308,4.000000,134.3,286.3,0.111519,37.9,219.6,MTE_GASOLINE,0.000000,Inf,0.2,0.5,---,700.000011,27.792161,2.037272,0.230848,20.377325,43.308781,43.308781,---,32.930825,32.773763,271.162026,---,38.815573,38.630444,230.051719,0.039416,---,31.741610,31.627734,36.832017,49.662413,---,31.590220,31.476886,36.656348,49.425550,---,280.068349,281.076745,241.361217,179.005005,---,317.512971,342.341858,273.630751,578.730089,---,0.113878,0.122783,0.098140,0.207566,---,3.597439,3.864836,3.597439,10.259044,---,2.616988,7.248806,3.679882,4.854495,15.708527,31.491710,89.541168,135.962143,---,0.983209,0.772332,25.740149,78.552128,19.546087,24.000000,24.000000,---,1.045469,0.734983,25.385021,70.301787,16.877930,40.000000,40.000000,---,0.987072,0.772335,29.985435,78.245039,22.680821,24.000000,24.000000,---,2.267816,1.856320,32.573041,81.854976,26.432085,7.000000,7.000000,---,13.20,99.00,99.00,98.71,98.90,---,---,---,---,---,---,---,---,---,---,---,2300.370246,608.788054,432.183933,26.464786,70.990869,432.183933,18.787581,49.631097,---,1525.360662,494.486613,401.261873,32.417685,81.147166,401.261873,26.306033,69.492567,---,1951.615933,557.352406,418.269006,28.558509,75.045699,418.269006,21.431932,56.616671,---,3021,2499,3025,2355,
44,"MPW_LRL",1h,M:\batch_jobs\110W-KN-SC2825_2018_01_25_11_10_02_MPW_LRL_future_kargul_SAE\,output/2018_01_25_11_11_46_110W-TM-SC2411_ML_26780_110W-KN-SC2825_M_MPW_LRL_future_kargul_SAE_results.csv,'UKN:16 + PKG:1h + CYC:matrix_alt_drive_cycle + ENG:engine_2012_PSA_EP6D_CEGR_CR12p0_1L6_Tier2 + TRANS:TRX11_FWD + VEH:vehicle_MPW_LRL_FWD + ELEC:electric_HPS + CON:CVM_controls_param + DRV:driver_param + ETW_LBS:3510 + TRGA_LBS:30.62 + TRGB_LBS:-0.0199 + TRGC_LBS:0.01954 + SS:0 + WR_PCT:0 + AE_PCT:0 + RR_PCT:0 + FUEL:MTE_GASOLINE + ES_CYL:4 + DEAC_C_CYL_PCT:0 + CC_SEP:1 + PN:1 + FDR_AUTO:1 + TCK_AUTO:1 + TCTR_AUTO:1 + VEH_TYPE:"MPW_LRL" + NTRT:1 + AS:1 + LU:1 || ES_PCT:94',16,3510.000000,30.620000,-0.019900,0.019540,0.000000,0.000000,0.000000,10.46,0,1,1,1,0.000000%,0.000000%,0.000000%,0,,0.000000,0.000000,0.000000,0,---,electric_HPS,electric_HPS,---,TRX11_FWD,present,323,6,[4.584 2.965 1.912 1.446 1 0.746],3.136634,100.000000,31.2,1872.9,800.0000,1200.0000,180.9,2.200,---,engine_2012_PSA_EP6D_CEGR_CR12p0_1L6_Tier2,SwRI PSA EP6D 1.6L with Cool EGR @ 12.0CR Tier 2 converted to 1.75L 4 Cylinder,109.633638,94.000000,1.754138,4.000000,132.2,280.6,0.109634,38.3,217.0,MTE_GASOLINE,0.000000,Inf,0.2,0.5,---,700.000011,27.381356,2.007158,0.226412,20.469434,43.308781,43.308781,---,32.691505,32.535584,273.147087,---,38.787515,38.602520,230.218132,0.040041,---,31.927793,31.184075,36.697007,50.236956,---,31.775515,31.035344,36.521982,49.997353,---,278.435170,285.075651,242.249198,176.957783,---,315.674412,347.209191,274.648378,572.112832,---,0.113219,0.124529,0.098505,0.205192,---,3.597587,3.864801,3.597582,10.259071,---,2.634525,7.272047,3.696857,4.891399,15.740785,31.601087,89.255781,136.030644,---,0.981725,0.772718,25.850976,78.710197,19.660863,23.000000,23.000000,---,1.039730,0.735175,24.891770,70.708268,16.647053,43.000000,43.000000,---,0.985531,0.772746,29.827692,78.409124,22.597805,23.000000,23.000000,---,2.266082,1.856377,32.924595,81.920143,26.737765,7.000000,7.000000,---,13.20,99.00,99.00,98.71,98.90,---,---,---,---,---,---,---,---,---,---,---,2317.210272,606.604184,432.259618,26.178211,71.258925,432.259618,18.654311,48.696121,---,1507.915612,494.107192,401.260186,32.767563,81.209137,401.260186,26.610255,69.464703,---,1953.027675,555.980538,418.309873,28.467622,75.238222,418.309873,21.418533,55.911980,---,3410,2584,3408,2394,
47,"MPW_LRL",1h,M:\batch_jobs\110W-KN-SC2825_2018_01_25_11_10_02_MPW_LRL_future_kargul_SAE\,output/2018_01_25_11_11_42_110W-TM-SC2411_ML_27000_110W-KN-SC2825_M_MPW_LRL_future_kargul_SAE_results.csv,'UKN:17 + PKG:1h + CYC:matrix_alt_drive_cycle + ENG:engine_2012_PSA_EP6D_CEGR_CR12p0_1L6_Tier2 + TRANS:TRX11_FWD + VEH:vehicle_MPW_LRL_FWD + ELEC:electric_HPS + CON:CVM_controls_param + DRV:driver_param + ETW_LBS:3510 + TRGA_LBS:30.62 + TRGB_LBS:-0.0199 + TRGC_LBS:0.01954 + SS:0 + WR_PCT:0 + AE_PCT:0 + RR_PCT:0 + FUEL:MTE_GASOLINE + ES_CYL:4 + DEAC_C_CYL_PCT:100 + CC_SEP:1 + PN:1 + FDR_AUTO:1 + TCK_AUTO:1 + TCTR_AUTO:1 + VEH_TYPE:"MPW_LRL" + NTRT:1 + AS:1 + LU:1 || ES_PCT:94',17,3510.000000,30.620000,-0.019900,0.019540,0.000000,0.000000,0.000000,10.46,0,1,1,1,0.000000%,0.000000%,0.000000%,0,,0.000000,100.000000,0.000000,0,---,electric_HPS,electric_HPS,---,TRX11_FWD,present,323,6,[4.584 2.965 1.912 1.446 1 0.746],3.136634,100.000000,31.2,1872.9,800.0000,1200.0000,180.9,2.200,---,engine_2012_PSA_EP6D_CEGR_CR12p0_1L6_Tier2,SwRI PSA EP6D 1.6L with Cool EGR @ 12.0CR Tier 2 converted to 1.75L 4 Cylinder,109.633638,94.000000,1.754138,4.000000,132.2,280.6,0.109634,38.3,217.0,MTE_GASOLINE,0.000000,Inf,0.2,0.5,---,700.000011,27.381356,2.007158,0.226412,20.469434,43.308781,43.308781,---,33.877186,33.715610,263.587103,---,39.921111,39.730709,223.680882,0.040041,---,32.435889,32.736539,37.607488,51.053469,---,32.281187,32.580404,37.428121,50.809971,---,274.073588,271.556511,236.384318,174.127647,---,310.729581,330.744576,267.999381,562.962866,---,0.111445,0.118624,0.096120,0.201911,---,3.597588,3.864813,3.597586,10.259071,---,2.634525,7.272047,3.696856,4.891399,15.740785,31.601087,89.255781,136.030644,---,0.981728,0.772727,26.262456,78.710821,19.973753,23.000000,23.000000,---,1.039921,0.735267,26.135689,70.704140,17.476165,43.000000,43.000000,---,0.985536,0.772758,30.567888,78.409895,23.158489,23.000000,23.000000,---,2.266085,1.856379,33.459770,81.920088,27.172340,7.000000,7.000000,---,13.20,99.00,99.00,98.71,98.90,---,---,---,---,---,---,---,---,---,---,---,2236.109302,606.661590,432.263952,27.130230,71.252896,432.263952,19.331074,50.462777,---,1483.799092,494.107837,401.260190,33.300185,81.209032,401.260190,27.042758,70.593729,---,1897.569708,556.012401,418.312259,29.301290,75.234340,418.312259,22.044632,57.546379,---,3410,2584,3408,2394,
51,"MPW_LRL",2a,M:\batch_jobs\110W-KN-SC2825_2018_01_25_11_10_02_MPW_LRL_future_kargul_SAE\,output/2018_01_25_11_11_43_110W-TM-SC2411_ML_27392_110W-KN-SC2825_M_MPW_LRL_future_kargul_SAE_results.csv,'UKN:18 + PKG:2a + CYC:matrix_alt_drive_cycle + ENG:engine_2013_Ford_EcoBoost_1L6_Tier2 + TRANS:TRX22_FWD + VEH:vehicle_MPW_LRL_FWD + ELEC:electric_EPS_HEA_REGEN + CON:CVM_controls_param + DRV:driver_param + ETW_LBS:3510 + TRGA_LBS:30.62 + TRGB_LBS:-0.0199 + TRGC_LBS:0.01954 + SS:1 + WR_PCT:7.5 + AE_PCT:10 + RR_PCT:10 + FUEL:MTE_GASOLINE + ES_CYL:4 + DEAC_C_CYL_PCT:0 + CC_SEP:1 + PN:1 + FDR_AUTO:1 + TCK_AUTO:1 + TCTR_AUTO:1 + VEH_TYPE:"MPW_LRL" + NTRT:1 + AS:1 + LU:1 || ES_PCT:96',18,3269.592640,24.832870,-0.019900,0.017586,0.000000,0.000000,0.000000,9.04,0,1,1,1,7.500000%,10.000000%,10.000000%,1,,0.000000,0.000000,0.000000,0,---,electric_EPS_HEA_REGEN,electric_EPS_HEA_REGEN,---,TRX22_FWD,future,262,8,[5.501 3.473 2.2 1.737 1.326 1 0.817 0.632],3.503807,100.000000,29.5,1772.5,800.0000,1050.0000,200.8,2.200,---,engine_2013_Ford_EcoBoost_1L6_Tier2,2013 Ford EcoBoost 1.6L Tier 2 converted to 1.46L 4 Cylinder,91.170485,96.000000,1.455081,4.000000,121.3,227.9,0.090988,34.6,239.9,MTE_GASOLINE,0.000000,Inf,0.2,0.5,---,685.000827,0.726263,0.052097,0.101199,1.188668,43.308781,43.308781,---,43.355564,43.148781,205.961785,---,48.653504,48.421453,183.534352,0.038839,---,39.126582,44.127870,45.567942,57.195843,---,38.939970,43.917404,45.350607,56.923050,---,227.206667,201.455913,195.089356,155.427736,---,257.456818,245.254010,221.041715,502.475561,---,0.092339,0.087962,0.079278,0.180216,---,3.595666,3.863066,3.595313,10.258466,---,2.713473,7.217440,3.771869,4.899416,15.680411,31.569136,91.376085,142.292305,---,0.744868,0.692463,24.049230,92.964609,21.623854,35.000000,37.000000,---,0.719444,0.658697,24.384147,91.556373,21.237447,71.000000,71.000000,---,0.744979,0.693104,28.015378,93.036707,25.184311,36.000000,38.000000,---,1.755568,1.629438,29.042179,92.815459,26.717187,10.000000,9.000000,---,12.73,76.80,78.42,76.53,76.86,---,---,---,---,---,---,---,---,---,---,---,1747.251885,439.190351,388.791213,25.136064,88.524534,388.791213,22.251584,64.218550,---,1324.450981,382.814852,352.168458,28.903663,91.994461,352.168458,26.589769,76.738647,---,1556.991478,413.821377,372.310973,26.578269,89.969005,372.310973,23.912204,69.011135,---,2717,2198,3433,2395,
54,"MPW_LRL",2a,M:\batch_jobs\110W-KN-SC2825_2018_01_25_11_10_02_MPW_LRL_future_kargul_SAE\,output/2018_01_25_11_11_44_110W-TM-SC2411_ML_27460_110W-KN-SC2825_M_MPW_LRL_future_kargul_SAE_results.csv,'UKN:19 + PKG:2a + CYC:matrix_alt_drive_cycle + ENG:engine_2013_Ford_EcoBoost_1L6_Tier2 + TRANS:TRX22_FWD + VEH:vehicle_MPW_LRL_FWD + ELEC:electric_EPS_HEA_REGEN + CON:CVM_controls_param + DRV:driver_param + ETW_LBS:3510 + TRGA_LBS:30.62 + TRGB_LBS:-0.0199 + TRGC_LBS:0.01954 + SS:1 + WR_PCT:7.5 + AE_PCT:10 + RR_PCT:10 + FUEL:MTE_GASOLINE + ES_CYL:4 + DEAC_C_CYL_PCT:100 + CC_SEP:1 + PN:1 + FDR_AUTO:1 + TCK_AUTO:1 + TCTR_AUTO:1 + VEH_TYPE:"MPW_LRL" + NTRT:1 + AS:1 + LU:1 || ES_PCT:96',19,3269.592640,24.832870,-0.019900,0.017586,0.000000,0.000000,0.000000,9.04,0,1,1,1,7.500000%,10.000000%,10.000000%,1,,0.000000,100.000000,0.000000,0,---,electric_EPS_HEA_REGEN,electric_EPS_HEA_REGEN,---,TRX22_FWD,future,262,8,[5.501 3.473 2.2 1.737 1.326 1 0.817 0.632],3.503807,100.000000,29.5,1772.5,800.0000,1050.0000,200.8,2.200,---,engine_2013_Ford_EcoBoost_1L6_Tier2,2013 Ford EcoBoost 1.6L Tier 2 converted to 1.46L 4 Cylinder,91.170485,96.000000,1.455081,4.000000,121.3,227.9,0.090988,34.6,239.9,MTE_GASOLINE,0.000000,Inf,0.2,0.5,---,685.000827,0.726263,0.052097,0.101199,1.188668,43.308781,43.308781,---,44.953564,44.739160,198.640298,---,50.177547,49.938227,177.959861,0.038839,---,39.793178,46.419714,46.743695,58.484207,---,39.603386,46.198317,46.520753,58.205269,---,223.400614,191.509589,190.182235,152.003778,---,253.144030,233.145278,215.481810,491.406396,---,0.090792,0.083619,0.077284,0.176246,---,3.595666,3.863066,3.595313,10.258466,---,2.713473,7.217440,3.771869,4.899416,15.680411,31.569136,91.376085,142.292305,---,0.744868,0.692463,24.458954,92.964609,21.992258,35.000000,37.000000,---,0.719444,0.658697,25.650573,91.556373,22.340444,71.000000,71.000000,---,0.744979,0.693104,28.738236,93.036707,25.834122,36.000000,38.000000,---,1.755568,1.629438,29.696368,92.815459,27.319005,10.000000,9.000000,---,12.73,76.80,78.42,76.53,76.86,---,---,---,---,---,---,---,---,---,---,---,1685.140942,439.190351,388.791213,26.062529,88.524534,388.791213,23.071733,66.585518,---,1295.274305,382.814852,352.168458,29.554732,91.994461,352.168458,27.188716,78.467222,---,1509.700955,413.821377,372.310973,27.410818,89.969005,372.310973,24.661240,71.172870,---,2717,2198,3433,2395,
58,"MPW_LRL",2b,M:\batch_jobs\110W-KN-SC2825_2018_01_25_11_10_02_MPW_LRL_future_kargul_SAE\,output/2018_01_25_11_11_46_110W-TM-SC2411_ML_27484_110W-KN-SC2825_M_MPW_LRL_future_kargul_SAE_results.csv,'UKN:20 + PKG:2b + CYC:matrix_alt_drive_cycle + ENG:engine_2015_Ford_EcoBoost_2L7_Tier2 + TRANS:TRX22_FWD + VEH:vehicle_MPW_LRL_FWD + ELEC:electric_EPS_HEA_REGEN + CON:CVM_controls_param + DRV:driver_param + ETW_LBS:3510 + TRGA_LBS:30.62 + TRGB_LBS:-0.0199 + TRGC_LBS:0.01954 + SS:1 + WR_PCT:7.5 + AE_PCT:10 + RR_PCT:10 + FUEL:MTE_GASOLINE + ES_CYL:4 + DEAC_C_CYL_PCT:0 + CC_SEP:1 + PN:1 + FDR_AUTO:1 + TCK_AUTO:1 + TCTR_AUTO:1 + VEH_TYPE:"MPW_LRL" + NTRT:1 + AS:1 + LU:1 || ES_PCT:98',20,3269.592640,24.832870,-0.019900,0.017586,0.000000,0.000000,0.000000,9.04,0,1,1,1,7.500000%,10.000000%,10.000000%,1,,0.000000,0.000000,0.000000,0,---,electric_EPS_HEA_REGEN,electric_EPS_HEA_REGEN,---,TRX22_FWD,future,280,8,[5.501 3.473 2.2 1.737 1.326 1 0.817 0.632],3.666204,100.000000,30.9,1854.6,800.0000,1050.0000,194.2,2.200,---,engine_2015_Ford_EcoBoost_2L7_Tier2,2015 Ford EcoBoost 2.7L Tier 2 converted to 1.29L 4 Cylinder converted to 1.29L 3 Cylinder,47.913094,98.000000,1.290779,3.000000,116.2,243.6,0.074122,39.5,210.4,MTE_GASOLINE,0.000000,Inf,0.2,0.5,---,699.994282,0.775507,0.056847,0.151119,0.868589,43.308781,43.308781,---,44.553996,44.341497,200.421739,---,50.021350,49.782776,178.515558,0.040561,---,39.730538,45.726639,46.567589,58.847440,---,39.541045,45.508548,46.345487,58.566770,---,223.752830,194.412284,190.901451,151.065542,---,253.569823,236.750380,216.329219,488.382346,---,0.090945,0.084912,0.077588,0.175162,---,3.596044,3.864230,3.595853,10.258658,---,2.723318,7.334244,3.596758,4.785459,15.746225,31.462686,90.983302,141.737454,---,0.750021,0.695727,24.586831,92.761013,21.956989,36.000000,38.000000,---,0.725934,0.664816,25.487840,91.580799,22.012388,76.000000,75.000000,---,0.748611,0.695707,28.765228,92.933050,25.735605,36.000000,38.000000,---,1.763019,1.630251,30.007073,92.469281,27.487636,10.000000,9.000000,---,12.73,76.80,78.46,76.56,76.86,---,---,---,---,---,---,---,---,---,---,---,1700.253578,442.325262,388.827936,26.015253,87.905433,388.827936,22.868820,57.881406,---,1287.279285,384.432519,352.155146,29.863956,91.603891,352.155146,27.356546,69.239921,---,1514.415146,416.273527,372.325180,27.487412,89.442435,372.325180,24.585410,62.226127,---,2872,2768,2872,2545,
61,"MPW_LRL",2b,M:\batch_jobs\110W-KN-SC2825_2018_01_25_11_10_02_MPW_LRL_future_kargul_SAE\,output/2018_01_25_11_11_46_110W-TM-SC2411_ML_27500_110W-KN-SC2825_M_MPW_LRL_future_kargul_SAE_results.csv,'UKN:21 + PKG:2b + CYC:matrix_alt_drive_cycle + ENG:engine_2015_Ford_EcoBoost_2L7_Tier2 + TRANS:TRX22_FWD + VEH:vehicle_MPW_LRL_FWD + ELEC:electric_EPS_HEA_REGEN + CON:CVM_controls_param + DRV:driver_param + ETW_LBS:3510 + TRGA_LBS:30.62 + TRGB_LBS:-0.0199 + TRGC_LBS:0.01954 + SS:1 + WR_PCT:7.5 + AE_PCT:10 + RR_PCT:10 + FUEL:MTE_GASOLINE + ES_CYL:4 + DEAC_C_CYL_PCT:100 + CC_SEP:1 + PN:1 + FDR_AUTO:1 + TCK_AUTO:1 + TCTR_AUTO:1 + VEH_TYPE:"MPW_LRL" + NTRT:1 + AS:1 + LU:1 || ES_PCT:98',21,3269.592640,24.832870,-0.019900,0.017586,0.000000,0.000000,0.000000,9.04,0,1,1,1,7.500000%,10.000000%,10.000000%,1,,0.000000,100.000000,0.000000,0,---,electric_EPS_HEA_REGEN,electric_EPS_HEA_REGEN,---,TRX22_FWD,future,280,8,[5.501 3.473 2.2 1.737 1.326 1 0.817 0.632],3.666204,100.000000,30.9,1854.6,800.0000,1050.0000,194.2,2.200,---,engine_2015_Ford_EcoBoost_2L7_Tier2,2015 Ford EcoBoost 2.7L Tier 2 converted to 1.29L 4 Cylinder converted to 1.29L 3 Cylinder,47.913094,98.000000,1.290779,3.000000,116.2,243.6,0.074122,39.5,210.4,MTE_GASOLINE,0.000000,Inf,0.2,0.5,---,699.994280,0.775505,0.056847,0.151119,0.868586,43.308781,43.308781,---,45.704002,45.486018,195.378719,---,51.097889,50.854180,174.754563,0.040561,---,40.254074,47.328021,47.482003,59.710818,---,40.062084,47.102292,47.255540,59.426030,---,220.842751,187.834188,187.225049,148.881236,---,250.274646,228.740215,212.165715,481.321015,---,0.089763,0.082039,0.076095,0.172629,---,3.596083,3.864238,3.595897,10.258665,---,2.723318,7.334244,3.596709,4.785458,15.746225,31.462637,90.983302,141.737454,---,0.750242,0.695627,24.917864,92.720358,22.246808,35.000000,37.000000,---,0.726999,0.664928,26.419072,91.462047,22.783569,76.000000,75.000000,---,0.748796,0.695606,29.336951,92.896542,26.241360,35.000000,37.000000,---,1.763167,1.630201,30.449845,92.458722,27.890910,10.000000,9.000000,---,12.73,76.80,78.46,76.56,76.86,---,---,---,---,---,---,---,---,---,---,---,1657.471728,442.701482,388.834140,26.709444,87.832130,388.834140,23.459473,59.376360,---,1268.666097,384.464382,352.155022,30.304615,91.596267,352.155022,27.757896,70.255748,---,1482.509194,416.494787,372.328537,28.093909,89.395726,372.328537,25.114754,63.565905,---,2872,2768,2872,2545,
62,"MPW_LRL",2c,M:\batch_jobs\110W-KN-SC2825_2018_01_25_11_10_02_MPW_LRL_future_kargul_SAE\,output/2018_01_25_11_11_46_110W-TM-SC2411_ML_27500_110W-KN-SC2825_M_MPW_LRL_future_kargul_SAE_results.csv,'UKN:22 + PKG:2c + CYC:matrix_alt_drive_cycle + ENG:engine_2016_Honda_Turbo_1L5_paper_image + TRANS:TRX22_FWD + VEH:vehicle_MPW_LRL_FWD + ELEC:electric_EPS_HEA_REGEN + CON:CVM_controls_param + DRV:driver_param + ETW_LBS:3510 + TRGA_LBS:30.62 + TRGB_LBS:-0.0199 + TRGC_LBS:0.01954 + SS:1 + WR_PCT:7.5 + AE_PCT:10 + RR_PCT:10 + FUEL:MTE_GASOLINE + ES_CYL:4 + DEAC_C_CYL_PCT:0 + CC_SEP:1 + PN:1 + FDR_AUTO:1 + TCK_AUTO:1 + TCTR_AUTO:1 + VEH_TYPE:"MPW_LRL" + NTRT:1 + AS:1 + LU:1 || ES_PCT:94',22,3269.592640,24.832870,-0.019900,0.017586,0.000000,0.000000,0.000000,9.04,0,1,1,1,7.500000%,10.000000%,10.000000%,1,,0.000000,0.000000,0.000000,0,---,electric_EPS_HEA_REGEN,electric_EPS_HEA_REGEN,---,TRX22_FWD,future,241,8,[5.501 3.473 2.2 1.737 1.326 1 0.817 0.632],3.531811,100.000000,29.8,1786.6,800.0000,1050.0000,209.2,2.200,---,engine_2016_Honda_Turbo_1L5_paper_image,Honda 1.5L Downsized Turbocharged Engine from 2016 SAE Paper converted to 1.43L 4 Cylinder,95.370881,94.000000,1.426748,4.000000,124.0,209.8,0.090412,38.1,218.4,MTE_GASOLINE,0.000000,Inf,0.2,0.5,---,630.001586,0.664766,0.043857,0.122821,0.824497,43.308781,43.308781,---,46.721744,46.498907,191.122773,---,52.864677,52.612541,168.914099,0.038005,---,41.943558,47.577248,49.287102,62.986379,---,41.743511,47.350331,49.052029,62.685968,---,211.947215,186.850242,180.368089,141.138775,---,240.274705,227.567859,204.461913,456.295869,---,0.086176,0.081619,0.073332,0.163654,---,3.597297,3.864678,3.597069,10.258791,---,2.727712,7.047272,3.888509,4.952288,15.549631,31.437699,92.297836,143.825922,---,0.746779,0.697407,25.835136,93.388583,23.171029,34.000000,37.000000,---,0.719738,0.661705,26.289966,91.936911,22.894803,69.000000,70.000000,---,0.745995,0.697364,30.328437,93.481017,27.228301,33.000000,37.000000,---,1.752229,1.630366,31.920592,93.045270,29.422741,10.000000,9.000000,---,12.73,76.80,78.38,76.54,76.86,---,---,---,---,---,---,---,---,---,---,---,1621.366930,439.503309,388.685469,27.106961,88.437439,388.685469,23.972702,62.976770,---,1202.690036,382.074752,352.176803,31.768348,92.174843,352.176803,29.282425,76.925516,---,1432.962328,413.660458,372.256569,28.867504,89.990852,372.256569,25.978113,68.245023,---,3618,3089,3618,2632,
65,"MPW_LRL",2c,M:\batch_jobs\110W-KN-SC2825_2018_01_25_11_10_02_MPW_LRL_future_kargul_SAE\,output/2018_01_25_11_11_45_110W-TM-SC2411_ML_27604_110W-KN-SC2825_M_MPW_LRL_future_kargul_SAE_results.csv,'UKN:23 + PKG:2c + CYC:matrix_alt_drive_cycle + ENG:engine_2016_Honda_Turbo_1L5_paper_image + TRANS:TRX22_FWD + VEH:vehicle_MPW_LRL_FWD + ELEC:electric_EPS_HEA_REGEN + CON:CVM_controls_param + DRV:driver_param + ETW_LBS:3510 + TRGA_LBS:30.62 + TRGB_LBS:-0.0199 + TRGC_LBS:0.01954 + SS:1 + WR_PCT:7.5 + AE_PCT:10 + RR_PCT:10 + FUEL:MTE_GASOLINE + ES_CYL:4 + DEAC_C_CYL_PCT:100 + CC_SEP:1 + PN:1 + FDR_AUTO:1 + TCK_AUTO:1 + TCTR_AUTO:1 + VEH_TYPE:"MPW_LRL" + NTRT:1 + AS:1 + LU:1 || ES_PCT:94',23,3269.592640,24.832870,-0.019900,0.017586,0.000000,0.000000,0.000000,9.04,0,1,1,1,7.500000%,10.000000%,10.000000%,1,,0.000000,100.000000,0.000000,0,---,electric_EPS_HEA_REGEN,electric_EPS_HEA_REGEN,---,TRX22_FWD,future,241,8,[5.501 3.473 2.2 1.737 1.326 1 0.817 0.632],3.531811,100.000000,29.8,1786.6,800.0000,1050.0000,209.2,2.200,---,engine_2016_Honda_Turbo_1L5_paper_image,Honda 1.5L Downsized Turbocharged Engine from 2016 SAE Paper converted to 1.43L 4 Cylinder,95.370881,94.000000,1.426748,4.000000,124.0,209.8,0.090412,38.1,218.4,MTE_GASOLINE,0.000000,Inf,0.2,0.5,---,630.001616,0.664755,0.043856,0.122821,0.824483,43.308781,43.308781,---,48.293325,48.062992,184.903180,---,54.409690,54.150185,164.117629,0.038006,---,42.633344,49.784814,50.499437,64.374536,---,42.430006,49.547368,50.258582,64.067504,---,208.518020,178.564901,176.038010,138.095293,---,236.387900,217.480305,199.553991,446.457180,---,0.084782,0.078001,0.071571,0.160125,---,3.597308,3.864736,3.597079,10.258809,---,2.727712,7.047248,3.888394,4.952287,15.549615,31.437544,92.297867,143.825925,---,0.747215,0.697282,26.275255,93.317420,23.551943,33.000000,37.000000,---,0.720673,0.662218,27.545139,91.888878,23.958328,70.000000,71.000000,---,0.746247,0.697255,31.084846,93.434829,27.898077,34.000000,37.000000,---,1.752562,1.630117,32.630226,93.013397,30.071197,10.000000,9.000000,---,12.73,76.80,78.38,76.54,76.86,---,---,---,---,---,---,---,---,---,---,---,1568.603758,439.878825,388.694517,28.042699,88.363998,388.694517,24.779650,65.096636,---,1176.755521,382.146624,352.176897,32.474598,92.157532,352.176897,29.927788,78.620899,---,1392.272051,413.899335,372.261588,29.728338,89.940127,372.261588,26.737705,70.240486,---,3618,3099,3618,2633,
69,"MPW_LRL",2d,M:\batch_jobs\110W-KN-SC2825_2018_01_25_11_10_02_MPW_LRL_future_kargul_SAE\,output/2018_01_25_11_11_44_110W-TM-SC2411_ML_27632_110W-KN-SC2825_M_MPW_LRL_future_kargul_SAE_results.csv,'UKN:24 + PKG:2d + CYC:matrix_alt_drive_cycle + ENG:engine_2016_Honda_L15B7_1L5_Tier2 + TRANS:TRX22_FWD + VEH:vehicle_MPW_LRL_FWD + ELEC:electric_EPS_HEA_REGEN + CON:CVM_controls_param + DRV:driver_param + ETW_LBS:3510 + TRGA_LBS:30.62 + TRGB_LBS:-0.0199 + TRGC_LBS:0.01954 + SS:1 + WR_PCT:7.5 + AE_PCT:10 + RR_PCT:10 + FUEL:MTE_GASOLINE + ES_CYL:4 + DEAC_C_CYL_PCT:0 + CC_SEP:1 + PN:1 + FDR_AUTO:1 + TCK_AUTO:1 + TCTR_AUTO:1 + VEH_TYPE:"MPW_LRL" + NTRT:1 + AS:1 + LU:1 || ES_PCT:96',24,3269.592640,24.832870,-0.019900,0.017586,0.000000,0.000000,0.000000,9.04,0,1,1,1,7.500000%,10.000000%,10.000000%,1,,0.000000,0.000000,0.000000,0,---,electric_EPS_HEA_REGEN,electric_EPS_HEA_REGEN,---,TRX22_FWD,future,259,8,[5.501 3.473 2.2 1.737 1.326 1 0.817 0.632],3.538761,100.000000,29.8,1790.1,800.0000,1050.0000,202.0,2.200,---,engine_2016_Honda_L15B7_1L5_Tier2,2016 Honda 1.5L L15B7 Engine converted to 1.42L 4 Cylinder,94.900897,96.000000,1.419717,4.000000,123.3,225.0,0.089966,37.5,221.5,MTE_GASOLINE,0.000000,Inf,0.2,0.5,---,630.006762,0.713586,0.047078,0.091703,1.185389,43.308781,43.308781,---,46.772140,46.549062,190.916843,---,52.399309,52.149392,170.414258,0.038200,---,41.756595,47.984729,48.873015,61.432740,---,41.557438,47.755868,48.639917,61.139739,---,212.896202,185.263534,181.896297,144.708186,---,241.295550,225.571151,206.146768,467.822063,---,0.086542,0.080903,0.073936,0.167788,---,3.596478,3.863577,3.596240,10.258494,---,2.750460,7.112864,3.904032,5.053167,15.617318,31.687381,91.301803,140.727286,---,0.745562,0.694705,25.683886,93.178795,23.074661,31.000000,38.000000,---,0.718447,0.659655,26.475123,91.816758,23.093790,67.000000,72.000000,---,0.744606,0.694637,30.024571,93.289082,27.007037,31.000000,38.000000,---,1.755638,1.630140,31.194700,92.851729,28.697470,12.000000,12.000000,---,12.73,76.80,78.32,76.54,76.86,---,---,---,---,---,---,---,---,---,---,---,1619.619943,438.835379,388.767310,27.094960,88.590694,388.767310,24.003613,63.967844,---,1233.106162,382.829130,352.182605,31.045918,91.994725,352.182605,28.560607,76.111893,---,1445.688742,413.632567,372.304192,28.611454,90.008433,372.304192,25.752721,68.629086,---,3075,2656,3059,2453,
72,"MPW_LRL",2d,M:\batch_jobs\110W-KN-SC2825_2018_01_25_11_10_02_MPW_LRL_future_kargul_SAE\,output/2018_01_25_11_11_44_110W-TM-SC2411_ML_27632_110W-KN-SC2825_M_MPW_LRL_future_kargul_SAE_results.csv,'UKN:25 + PKG:2d + CYC:matrix_alt_drive_cycle + ENG:engine_2016_Honda_L15B7_1L5_Tier2 + TRANS:TRX22_FWD + VEH:vehicle_MPW_LRL_FWD + ELEC:electric_EPS_HEA_REGEN + CON:CVM_controls_param + DRV:driver_param + ETW_LBS:3510 + TRGA_LBS:30.62 + TRGB_LBS:-0.0199 + TRGC_LBS:0.01954 + SS:1 + WR_PCT:7.5 + AE_PCT:10 + RR_PCT:10 + FUEL:MTE_GASOLINE + ES_CYL:4 + DEAC_C_CYL_PCT:100 + CC_SEP:1 + PN:1 + FDR_AUTO:1 + TCK_AUTO:1 + TCTR_AUTO:1 + VEH_TYPE:"MPW_LRL" + NTRT:1 + AS:1 + LU:1 || ES_PCT:96',25,3269.592640,24.832870,-0.019900,0.017586,0.000000,0.000000,0.000000,9.04,0,1,1,1,7.500000%,10.000000%,10.000000%,1,,0.000000,100.000000,0.000000,0,---,electric_EPS_HEA_REGEN,electric_EPS_HEA_REGEN,---,TRX22_FWD,future,259,8,[5.501 3.473 2.2 1.737 1.326 1 0.817 0.632],3.538761,100.000000,29.8,1790.1,800.0000,1050.0000,202.0,2.200,---,engine_2016_Honda_L15B7_1L5_Tier2,2016 Honda 1.5L L15B7 Engine converted to 1.42L 4 Cylinder,94.900897,96.000000,1.419717,4.000000,123.3,225.0,0.089966,37.5,221.5,MTE_GASOLINE,0.000000,Inf,0.2,0.5,---,630.006781,0.713584,0.047078,0.091703,1.185386,43.308781,43.308781,---,48.253406,48.023263,185.056146,---,53.807525,53.550892,165.954284,0.038200,---,42.402465,50.094500,49.994594,62.616519,---,42.200229,49.855577,49.756147,62.317872,---,209.653385,177.461006,177.815633,141.972446,---,237.620092,216.072447,201.522401,458.978200,---,0.085224,0.077496,0.072277,0.164616,---,3.596477,3.863603,3.596246,10.258503,---,2.750460,7.112864,3.903905,5.053165,15.617318,31.687252,91.301803,140.727286,---,0.745782,0.694748,26.088879,93.156978,23.432207,31.000000,38.000000,---,0.718727,0.659937,27.649748,91.820216,24.109440,67.000000,72.000000,---,0.744843,0.694681,30.723286,93.265520,27.627694,31.000000,38.000000,---,1.755621,1.630162,31.795461,92.853875,29.250475,12.000000,12.000000,---,12.73,76.80,78.31,76.54,76.86,---,---,---,---,---,---,---,---,---,---,---,1569.901426,438.986378,388.775345,27.962671,88.562052,388.775345,24.764316,65.995059,---,1209.794023,382.824972,352.182838,31.643814,91.995785,352.182838,29.110975,77.578583,---,1407.853094,413.713745,372.308716,29.386145,89.991865,372.308716,26.445140,70.474329,---,3075,2656,3059,2453,
75,"MPW_LRL",2e,M:\batch_jobs\110W-KN-SC2825_2018_01_25_11_10_02_MPW_LRL_future_kargul_SAE\,output/2018_01_25_11_11_46_110W-TM-SC2411_ML_27816_110W-KN-SC2825_M_MPW_LRL_future_kargul_SAE_results.csv,'UKN:26 + PKG:2e + CYC:matrix_alt_drive_cycle + ENG:engine_future_Ricardo_EGRB_1L0_Tier2 + TRANS:TRX22_FWD + VEH:vehicle_MPW_LRL_FWD + ELEC:electric_EPS_HEA_REGEN + CON:CVM_controls_param + DRV:driver_param + ETW_LBS:3510 + TRGA_LBS:30.62 + TRGB_LBS:-0.0199 + TRGC_LBS:0.01954 + SS:1 + WR_PCT:7.5 + AE_PCT:10 + RR_PCT:10 + FUEL:MTE_GASOLINE + ES_CYL:4 + DEAC_C_CYL_PCT:0 + CC_SEP:1 + PN:1 + FDR_AUTO:1 + TCK_AUTO:1 + TCTR_AUTO:1 + VEH_TYPE:"MPW_LRL" + NTRT:1 + AS:1 + LU:1 || ES_PCT:86',26,3269.592640,24.832870,-0.019900,0.017586,0.000000,0.000000,0.000000,9.04,0,1,1,1,7.500000%,10.000000%,10.000000%,1,,0.000000,0.000000,0.000000,0,---,electric_EPS_HEA_REGEN,electric_EPS_HEA_REGEN,---,TRX22_FWD,future,270,8,[5.501 3.473 2.2 1.737 1.326 1 0.817 0.632],3.706310,100.000000,31.2,1874.9,800.0000,1050.0000,197.6,2.200,---,engine_future_Ricardo_EGRB_1L0_Tier2,Future Ricardo EGRB 1.0L converted to 1.25L 4 Cylinder converted to 1.25L 3 Cylinder,120.211705,86.000000,1.250202,3.000000,112.6,235.1,0.086552,36.4,228.5,MTE_GASOLINE,0.000000,Inf,0.2,0.5,---,789.004876,0.758202,0.062646,0.059854,2.416716,43.308781,43.308781,---,49.859970,49.622165,179.093353,---,55.523452,55.258636,160.825541,0.041838,---,43.959492,51.920625,51.214469,64.474400,---,43.749829,51.672992,50.970204,64.166892,---,202.227550,171.219441,173.580250,137.881398,---,229.218207,208.511214,196.735449,445.765394,---,0.082211,0.074784,0.070561,0.159877,---,3.596705,3.864313,3.596486,10.258803,---,2.715220,7.234412,3.547011,4.838890,15.715720,31.336034,90.414034,140.476178,---,0.749004,0.695150,27.162005,92.809898,24.290077,32.000000,35.000000,---,0.726765,0.664181,28.972848,91.388692,24.992015,74.000000,74.000000,---,0.747071,0.695148,31.564983,93.049847,28.299680,32.000000,35.000000,---,1.761665,1.630154,32.850623,92.534843,30.119084,9.000000,9.000000,---,12.73,76.80,78.03,76.40,76.86,---,---,---,---,---,---,---,---,---,---,---,1519.316799,442.136774,388.783791,29.101026,87.932924,388.783791,25.589383,70.346887,---,1174.932854,384.131876,352.191340,32.693943,91.685008,352.191340,29.975444,82.404457,---,1364.344024,416.034570,372.317188,30.493377,89.491887,372.317188,27.289099,75.019518,---,2893,2411,2893,2094,
79,"MPW_LRL",2e,M:\batch_jobs\110W-KN-SC2825_2018_01_25_11_10_02_MPW_LRL_future_kargul_SAE\,output/2018_01_25_11_11_44_110W-TM-SC2411_ML_27844_110W-KN-SC2825_M_MPW_LRL_future_kargul_SAE_results.csv,'UKN:27 + PKG:2e + CYC:matrix_alt_drive_cycle + ENG:engine_future_Ricardo_EGRB_1L0_Tier2 + TRANS:TRX22_FWD + VEH:vehicle_MPW_LRL_FWD + ELEC:electric_EPS_HEA_REGEN + CON:CVM_controls_param + DRV:driver_param + ETW_LBS:3510 + TRGA_LBS:30.62 + TRGB_LBS:-0.0199 + TRGC_LBS:0.01954 + SS:1 + WR_PCT:7.5 + AE_PCT:10 + RR_PCT:10 + FUEL:MTE_GASOLINE + ES_CYL:4 + DEAC_C_CYL_PCT:100 + CC_SEP:1 + PN:1 + FDR_AUTO:1 + TCK_AUTO:1 + TCTR_AUTO:1 + VEH_TYPE:"MPW_LRL" + NTRT:1 + AS:1 + LU:1 || ES_PCT:88',27,3269.592640,24.832870,-0.019900,0.017586,0.000000,0.000000,0.000000,9.04,0,1,1,1,7.500000%,10.000000%,10.000000%,1,,0.000000,100.000000,0.000000,0,---,electric_EPS_HEA_REGEN,electric_EPS_HEA_REGEN,---,TRX22_FWD,future,277,8,[5.501 3.473 2.2 1.737 1.326 1 0.817 0.632],3.677573,100.000000,31.0,1860.4,800.0000,1050.0000,195.4,2.200,---,engine_future_Ricardo_EGRB_1L0_Tier2,Future Ricardo EGRB 1.0L converted to 1.28L 4 Cylinder converted to 1.28L 3 Cylinder,123.007326,88.000000,1.279276,3.000000,115.2,240.6,0.088565,36.5,228.0,MTE_GASOLINE,0.000000,Inf,0.2,0.5,---,789.002184,0.775804,0.064100,0.061017,2.425663,43.308781,43.308781,---,50.849756,50.607230,175.607318,---,56.463905,56.194603,158.146860,0.040880,---,44.505707,53.213375,52.089704,65.271769,---,44.293439,52.959576,51.841265,64.960458,---,199.745626,167.059886,170.663676,136.197019,---,226.419320,203.471110,193.444747,440.321413,---,0.081207,0.072976,0.069380,0.157924,---,3.596932,3.864796,3.596763,10.258839,---,2.675227,7.109877,3.495953,4.740206,15.604613,30.950649,91.112600,141.639848,---,0.749453,0.695154,27.514227,92.754908,24.590665,31.000000,35.000000,---,0.727703,0.664530,29.728857,91.318733,25.607982,74.000000,74.000000,---,0.747532,0.695208,32.121748,93.000509,28.782355,30.000000,35.000000,---,1.762569,1.630229,33.273837,92.491629,30.491366,9.000000,9.000000,---,12.73,76.80,78.01,76.40,76.86,---,---,---,---,---,---,---,---,---,---,---,1489.743440,442.510892,388.728815,29.703832,87.846157,388.728815,26.093675,71.582588,---,1160.579701,384.327575,352.188960,33.115139,91.637703,352.188960,30.345952,83.247827,---,1341.619757,416.328399,372.285880,31.031773,89.421207,372.285880,27.748986,76.123590,---,2870,2341,2867,2069,
81,"MPW_LRL",2f,M:\batch_jobs\110W-KN-SC2825_2018_01_25_11_10_02_MPW_LRL_future_kargul_SAE\,output/2018_01_25_11_11_44_110W-TM-SC2411_ML_27904_110W-KN-SC2825_M_MPW_LRL_future_kargul_SAE_results.csv,'UKN:28 + PKG:2f + CYC:matrix_alt_drive_cycle + ENG:engine_2012_PSA_EP6D_1L6_Tier2 + TRANS:TRX22_FWD + VEH:vehicle_MPW_LRL_FWD + ELEC:electric_EPS_HEA_REGEN + CON:CVM_controls_param + DRV:driver_param + ETW_LBS:3510 + TRGA_LBS:30.62 + TRGB_LBS:-0.0199 + TRGC_LBS:0.01954 + SS:1 + WR_PCT:7.5 + AE_PCT:10 + RR_PCT:10 + FUEL:MTE_GASOLINE + ES_CYL:4 + DEAC_C_CYL_PCT:0 + CC_SEP:1 + PN:1 + FDR_AUTO:1 + TCK_AUTO:1 + TCTR_AUTO:1 + VEH_TYPE:"MPW_LRL" + NTRT:1 + AS:1 + LU:1 || ES_PCT:91',28,3269.592640,24.832870,-0.019900,0.017586,0.000000,0.000000,0.000000,9.04,0,1,1,1,7.500000%,10.000000%,10.000000%,1,,0.000000,0.000000,0.000000,0,---,electric_EPS_HEA_REGEN,electric_EPS_HEA_REGEN,---,TRX22_FWD,future,284,8,[5.501 3.473 2.2 1.737 1.326 1 0.817 0.632],3.418078,100.000000,28.8,1729.1,800.0000,1050.0000,193.0,2.200,---,engine_2012_PSA_EP6D_1L6_Tier2,2012 PSA EP6D 1.6L Tier 2 converted to 1.54L 4 Cylinder,96.363521,91.000000,1.541816,4.000000,116.4,246.6,0.096364,36.2,229.9,MTE_GASOLINE,0.000000,Inf,0.2,0.5,---,699.557994,3.591537,0.263107,0.133278,4.558248,43.308781,43.308781,---,41.113491,40.917402,217.193650,---,47.855652,47.627407,186.594244,0.040438,---,38.566022,40.375979,44.896730,59.851812,---,38.382083,40.183407,44.682597,59.566351,---,230.509138,220.175972,198.005966,148.530514,---,261.233011,268.079583,224.374462,480.180312,---,0.093693,0.096149,0.080473,0.172220,---,3.596134,3.863579,3.595764,10.258519,---,2.627754,7.352450,3.592803,4.814495,15.737728,31.497476,90.434147,136.579384,---,0.762167,0.706268,24.252046,92.665797,21.273260,30.000000,36.000000,---,0.766255,0.696160,23.759422,90.852250,19.379900,61.000000,63.000000,---,0.760692,0.706129,28.181356,92.827243,24.766734,31.000000,36.000000,---,1.761344,1.632072,30.490625,92.660630,27.955334,10.000000,10.000000,---,12.73,76.80,77.44,75.85,76.86,---,---,---,---,---,---,---,---,---,---,---,1842.536058,458.086808,387.909069,24.861755,84.680253,387.909069,21.052997,58.220261,---,1265.677479,384.072374,352.136935,30.345201,91.685047,352.136935,27.822012,76.939390,---,1582.949697,424.780313,371.811609,26.834732,87.530330,371.811609,23.488530,64.955517,---,2669,2183,2670,2356,
84,"MPW_LRL",2f,M:\batch_jobs\110W-KN-SC2825_2018_01_25_11_10_02_MPW_LRL_future_kargul_SAE\,output/2018_01_25_11_11_44_110W-TM-SC2411_ML_27904_110W-KN-SC2825_M_MPW_LRL_future_kargul_SAE_results.csv,'UKN:29 + PKG:2f + CYC:matrix_alt_drive_cycle + ENG:engine_2012_PSA_EP6D_1L6_Tier2 + TRANS:TRX22_FWD + VEH:vehicle_MPW_LRL_FWD + ELEC:electric_EPS_HEA_REGEN + CON:CVM_controls_param + DRV:driver_param + ETW_LBS:3510 + TRGA_LBS:30.62 + TRGB_LBS:-0.0199 + TRGC_LBS:0.01954 + SS:1 + WR_PCT:7.5 + AE_PCT:10 + RR_PCT:10 + FUEL:MTE_GASOLINE + ES_CYL:4 + DEAC_C_CYL_PCT:100 + CC_SEP:1 + PN:1 + FDR_AUTO:1 + TCK_AUTO:1 + TCTR_AUTO:1 + VEH_TYPE:"MPW_LRL" + NTRT:1 + AS:1 + LU:1 || ES_PCT:91',29,3269.592640,24.832870,-0.019900,0.017586,0.000000,0.000000,0.000000,9.04,0,1,1,1,7.500000%,10.000000%,10.000000%,1,,0.000000,100.000000,0.000000,0,---,electric_EPS_HEA_REGEN,electric_EPS_HEA_REGEN,---,TRX22_FWD,future,284,8,[5.501 3.473 2.2 1.737 1.326 1 0.817 0.632],3.418078,100.000000,28.8,1729.1,800.0000,1050.0000,193.0,2.200,---,engine_2012_PSA_EP6D_1L6_Tier2,2012 PSA EP6D 1.6L Tier 2 converted to 1.54L 4 Cylinder,96.363521,91.000000,1.541816,4.000000,116.4,246.6,0.096364,36.2,229.9,MTE_GASOLINE,0.000000,Inf,0.2,0.5,---,699.557996,3.591543,0.263108,0.133278,4.558255,43.308781,43.308781,---,42.891284,42.686716,208.191232,---,49.614057,49.377425,179.981033,0.040438,---,39.440200,42.670661,46.407039,61.370946,---,39.252092,42.467145,46.185703,61.078240,---,225.399981,208.335661,191.561896,144.853893,---,255.455067,253.666205,217.084366,468.294499,---,0.091621,0.090979,0.077859,0.167957,---,3.596306,3.863625,3.595965,10.258524,---,2.627754,7.352450,3.592677,4.814491,15.737728,31.497345,90.434147,136.579383,---,0.762199,0.706423,24.801655,92.682235,21.755258,29.000000,35.000000,---,0.766701,0.696743,25.124056,90.875546,20.482170,61.000000,63.000000,---,0.760707,0.706313,29.128322,92.849579,25.599836,29.000000,35.000000,---,1.761356,1.632097,31.264726,92.661367,28.664907,10.000000,10.000000,---,12.73,76.80,77.44,75.85,76.86,---,---,---,---,---,---,---,---,---,---,---,1766.165132,458.213010,387.916469,25.943951,84.658545,387.916469,21.963771,60.738928,---,1234.347780,384.074848,352.137218,31.115611,91.684530,352.137218,28.528201,78.892297,---,1526.847323,424.850837,371.815806,27.825365,87.516788,371.815806,24.351865,67.342998,---,2669,2183,2670,2356,
86,"MPW_LRL",2g,M:\batch_jobs\110W-KN-SC2825_2018_01_25_11_10_02_MPW_LRL_future_kargul_SAE\,output/2018_01_25_11_11_44_110W-TM-SC2411_ML_28000_110W-KN-SC2825_M_MPW_LRL_future_kargul_SAE_results.csv,'UKN:30 + PKG:2g + CYC:matrix_alt_drive_cycle + ENG:engine_2012_PSA_EP6D_CEGR_CR10p5_1L6_Tier2 + TRANS:TRX22_FWD + VEH:vehicle_MPW_LRL_FWD + ELEC:electric_EPS_HEA_REGEN + CON:CVM_controls_param + DRV:driver_param + ETW_LBS:3510 + TRGA_LBS:30.62 + TRGB_LBS:-0.0199 + TRGC_LBS:0.01954 + SS:1 + WR_PCT:7.5 + AE_PCT:10 + RR_PCT:10 + FUEL:MTE_GASOLINE + ES_CYL:4 + DEAC_C_CYL_PCT:0 + CC_SEP:1 + PN:1 + FDR_AUTO:1 + TCK_AUTO:1 + TCTR_AUTO:1 + VEH_TYPE:"MPW_LRL" + NTRT:1 + AS:1 + LU:1 || ES_PCT:94',30,3269.592640,24.832870,-0.019900,0.017586,0.000000,0.000000,0.000000,9.04,0,1,1,1,7.500000%,10.000000%,10.000000%,1,,0.000000,0.000000,0.000000,0,---,electric_EPS_HEA_REGEN,electric_EPS_HEA_REGEN,---,TRX22_FWD,future,286,8,[5.501 3.473 2.2 1.737 1.326 1 0.817 0.632],3.410163,100.000000,28.8,1725.1,800.0000,1050.0000,192.2,2.200,---,engine_2012_PSA_EP6D_CEGR_CR10p5_1L6_Tier2,SwRI PSA EP6D 1.6L with Cool EGR @ 10.5CR Tier 2 converted to 1.55L 4 Cylinder,96.864022,94.000000,1.549824,4.000000,116.6,248.6,0.096864,37.9,219.6,MTE_GASOLINE,0.000000,Inf,0.2,0.5,---,699.570421,3.720543,0.272563,0.134673,4.673134,43.308781,43.308781,---,42.335239,42.133323,210.925687,---,49.210024,48.975319,181.458746,0.040355,---,39.758079,41.503943,46.352081,61.395548,---,39.568454,41.305992,46.131006,61.102725,---,223.597837,214.192187,191.789026,144.795847,---,253.374020,260.777595,217.308585,468.087189,---,0.090874,0.093530,0.077939,0.167883,---,3.595758,3.863338,3.595416,10.258094,---,2.670942,7.419425,3.612761,4.847323,15.791911,31.671420,90.239769,136.677383,---,0.762948,0.706352,25.029921,92.581904,21.928574,35.000000,37.000000,---,0.767906,0.697147,24.477335,90.785439,19.919106,63.000000,63.000000,---,0.761224,0.706140,29.118040,92.763821,25.566841,35.000000,37.000000,---,1.761811,1.631920,31.286654,92.627397,28.675191,13.000000,12.000000,---,12.73,76.80,77.43,75.85,76.86,---,---,---,---,---,---,---,---,---,---,---,1789.362551,458.810648,387.866895,25.641011,84.537466,387.866895,21.676261,57.261210,---,1233.853152,384.190205,352.122405,31.137434,91.653145,352.122405,28.538437,75.388715,---,1539.383322,425.231449,371.781875,27.623493,87.430475,371.781875,24.151351,63.799546,---,2667,2248,2668,2678,
89,"MPW_LRL",2g,M:\batch_jobs\110W-KN-SC2825_2018_01_25_11_10_02_MPW_LRL_future_kargul_SAE\,output/2018_01_25_11_11_43_110W-TM-SC2411_ML_28076_110W-KN-SC2825_M_MPW_LRL_future_kargul_SAE_results.csv,'UKN:31 + PKG:2g + CYC:matrix_alt_drive_cycle + ENG:engine_2012_PSA_EP6D_CEGR_CR10p5_1L6_Tier2 + TRANS:TRX22_FWD + VEH:vehicle_MPW_LRL_FWD + ELEC:electric_EPS_HEA_REGEN + CON:CVM_controls_param + DRV:driver_param + ETW_LBS:3510 + TRGA_LBS:30.62 + TRGB_LBS:-0.0199 + TRGC_LBS:0.01954 + SS:1 + WR_PCT:7.5 + AE_PCT:10 + RR_PCT:10 + FUEL:MTE_GASOLINE + ES_CYL:4 + DEAC_C_CYL_PCT:100 + CC_SEP:1 + PN:1 + FDR_AUTO:1 + TCK_AUTO:1 + TCTR_AUTO:1 + VEH_TYPE:"MPW_LRL" + NTRT:1 + AS:1 + LU:1 || ES_PCT:94',31,3269.592640,24.832870,-0.019900,0.017586,0.000000,0.000000,0.000000,9.04,0,1,1,1,7.500000%,10.000000%,10.000000%,1,,0.000000,100.000000,0.000000,0,---,electric_EPS_HEA_REGEN,electric_EPS_HEA_REGEN,---,TRX22_FWD,future,286,8,[5.501 3.473 2.2 1.737 1.326 1 0.817 0.632],3.410163,100.000000,28.8,1725.1,800.0000,1050.0000,192.2,2.200,---,engine_2012_PSA_EP6D_CEGR_CR10p5_1L6_Tier2,SwRI PSA EP6D 1.6L with Cool EGR @ 10.5CR Tier 2 converted to 1.55L 4 Cylinder,96.864022,94.000000,1.549824,4.000000,116.6,248.6,0.096864,37.9,219.6,MTE_GASOLINE,0.000000,Inf,0.2,0.5,---,699.570415,3.720522,0.272561,0.134673,4.673110,43.308781,43.308781,---,44.016425,43.806491,202.869481,---,50.896755,50.654006,175.445158,0.040355,---,40.568371,43.691142,47.748255,62.916980,---,40.374882,43.482759,47.520522,62.616900,---,219.131807,203.469629,186.181053,141.294455,---,248.313412,247.723763,210.951710,456.768329,---,0.089059,0.088848,0.075659,0.163823,---,3.595761,3.863350,3.595370,10.258099,---,2.670942,7.419425,3.612667,4.847320,15.791911,31.671323,90.239769,136.677384,---,0.762974,0.706326,25.540895,92.575347,22.374994,35.000000,37.000000,---,0.768127,0.697446,25.774589,90.798279,20.969356,63.000000,63.000000,---,0.761291,0.706148,29.998127,92.756716,26.336340,35.000000,37.000000,---,1.761817,1.631934,32.062055,92.627917,29.385805,13.000000,12.000000,---,12.73,76.80,77.43,75.85,76.86,---,---,---,---,---,---,---,---,---,---,---,1721.018701,458.892490,387.867080,26.664004,84.522429,387.867080,22.537064,59.535155,---,1204.016636,384.191313,352.122633,31.909137,91.652940,352.122633,29.245662,77.256959,---,1488.367772,425.276960,371.782079,28.573379,87.421166,371.782079,24.979181,65.986387,---,2667,2265,2669,2678,
93,"MPW_LRL",2h,M:\batch_jobs\110W-KN-SC2825_2018_01_25_11_10_02_MPW_LRL_future_kargul_SAE\,output/2018_01_25_11_11_43_110W-TM-SC2411_ML_28080_110W-KN-SC2825_M_MPW_LRL_future_kargul_SAE_results.csv,'UKN:32 + PKG:2h + CYC:matrix_alt_drive_cycle + ENG:engine_2012_PSA_EP6D_CEGR_CR12p0_1L6_Tier2 + TRANS:TRX22_FWD + VEH:vehicle_MPW_LRL_FWD + ELEC:electric_EPS_HEA_REGEN + CON:CVM_controls_param + DRV:driver_param + ETW_LBS:3510 + TRGA_LBS:30.62 + TRGB_LBS:-0.0199 + TRGC_LBS:0.01954 + SS:1 + WR_PCT:7.5 + AE_PCT:10 + RR_PCT:10 + FUEL:MTE_GASOLINE + ES_CYL:4 + DEAC_C_CYL_PCT:0 + CC_SEP:1 + PN:1 + FDR_AUTO:1 + TCK_AUTO:1 + TCTR_AUTO:1 + VEH_TYPE:"MPW_LRL" + NTRT:1 + AS:1 + LU:1 || ES_PCT:91',32,3269.592640,24.832870,-0.019900,0.017586,0.000000,0.000000,0.000000,9.04,0,1,1,1,7.500000%,10.000000%,10.000000%,1,,0.000000,0.000000,0.000000,0,---,electric_EPS_HEA_REGEN,electric_EPS_HEA_REGEN,---,TRX22_FWD,future,284,8,[5.501 3.473 2.2 1.737 1.326 1 0.817 0.632],3.415531,100.000000,28.8,1727.8,800.0000,1050.0000,192.9,2.200,---,engine_2012_PSA_EP6D_CEGR_CR12p0_1L6_Tier2,SwRI PSA EP6D 1.6L with Cool EGR @ 12.0CR Tier 2 converted to 1.54L 4 Cylinder,96.524532,91.000000,1.544393,4.000000,116.4,246.9,0.096525,38.4,216.3,MTE_GASOLINE,0.000000,Inf,0.2,0.5,---,699.563223,3.632988,0.266146,0.134519,4.568342,43.308781,43.308781,---,43.238892,43.032666,206.517532,---,50.392987,50.152640,177.199046,0.040440,---,40.400312,42.579657,47.111051,63.166751,---,40.207624,42.376575,46.886357,62.865480,---,220.043362,208.780932,188.699258,140.735755,---,249.356722,254.204507,213.819775,454.964467,---,0.089434,0.091172,0.076688,0.163176,---,3.595910,3.863567,3.595619,10.258150,---,2.668427,7.383881,3.616007,4.826009,15.767083,31.592981,90.390550,136.555497,---,0.764374,0.708095,25.480714,92.637224,22.284592,35.000000,36.000000,---,0.768527,0.698252,25.130565,90.855983,20.439044,62.000000,63.000000,---,0.762820,0.708148,29.655187,92.832986,25.987966,34.000000,36.000000,---,1.761673,1.632215,32.186547,92.651400,29.502778,13.000000,12.000000,---,12.73,76.80,77.43,75.86,76.86,---,---,---,---,---,---,---,---,---,---,---,1751.966500,459.428375,387.918377,26.223582,84.435006,387.918377,22.141883,57.608597,---,1199.255768,384.158016,352.126391,32.033035,91.661862,352.126391,29.362076,76.394044,---,1503.246671,425.556713,371.811984,28.309174,87.370725,371.811984,24.733930,64.352566,---,2960,2822,2959,2690,
96,"MPW_LRL",2h,M:\batch_jobs\110W-KN-SC2825_2018_01_25_11_10_02_MPW_LRL_future_kargul_SAE\,output/2018_01_25_11_11_43_110W-TM-SC2411_ML_28080_110W-KN-SC2825_M_MPW_LRL_future_kargul_SAE_results.csv,'UKN:33 + PKG:2h + CYC:matrix_alt_drive_cycle + ENG:engine_2012_PSA_EP6D_CEGR_CR12p0_1L6_Tier2 + TRANS:TRX22_FWD + VEH:vehicle_MPW_LRL_FWD + ELEC:electric_EPS_HEA_REGEN + CON:CVM_controls_param + DRV:driver_param + ETW_LBS:3510 + TRGA_LBS:30.62 + TRGB_LBS:-0.0199 + TRGC_LBS:0.01954 + SS:1 + WR_PCT:7.5 + AE_PCT:10 + RR_PCT:10 + FUEL:MTE_GASOLINE + ES_CYL:4 + DEAC_C_CYL_PCT:100 + CC_SEP:1 + PN:1 + FDR_AUTO:1 + TCK_AUTO:1 + TCTR_AUTO:1 + VEH_TYPE:"MPW_LRL" + NTRT:1 + AS:1 + LU:1 || ES_PCT:91',33,3269.592640,24.832870,-0.019900,0.017586,0.000000,0.000000,0.000000,9.04,0,1,1,1,7.500000%,10.000000%,10.000000%,1,,0.000000,100.000000,0.000000,0,---,electric_EPS_HEA_REGEN,electric_EPS_HEA_REGEN,---,TRX22_FWD,future,284,8,[5.501 3.473 2.2 1.737 1.326 1 0.817 0.632],3.415531,100.000000,28.8,1727.8,800.0000,1050.0000,192.9,2.200,---,engine_2012_PSA_EP6D_CEGR_CR12p0_1L6_Tier2,SwRI PSA EP6D 1.6L with Cool EGR @ 12.0CR Tier 2 converted to 1.54L 4 Cylinder,96.524532,91.000000,1.544393,4.000000,116.4,246.9,0.096525,38.4,216.3,MTE_GASOLINE,0.000000,Inf,0.2,0.5,---,699.563223,3.632990,0.266146,0.134519,4.568344,43.308781,43.308781,---,44.836969,44.623121,199.156846,---,51.969764,51.721897,171.822778,0.040440,---,41.173397,44.677166,48.413275,64.513407,---,40.977022,44.464080,48.182370,64.205713,---,215.911755,198.979059,183.623610,137.798030,---,244.677309,242.269189,208.068545,445.467729,---,0.087755,0.086892,0.074625,0.159770,---,3.595948,3.863553,3.595621,10.258155,---,2.668427,7.383881,3.615915,4.826042,15.767083,31.592922,90.390550,136.555497,---,0.764334,0.708015,25.966641,92.631687,22.710786,34.000000,36.000000,---,0.768941,0.698566,26.382847,90.847799,21.446362,62.000000,63.000000,---,0.762894,0.708036,30.477834,92.809212,26.705870,34.000000,36.000000,---,1.761649,1.632250,32.872265,92.654686,30.131757,13.000000,12.000000,---,12.73,76.80,77.43,75.86,76.86,---,---,---,---,---,---,---,---,---,---,---,1689.523015,459.559928,387.919846,27.200572,84.411156,387.919846,22.960317,59.737993,---,1174.222441,384.152530,352.126472,32.715482,91.663192,352.126472,29.988055,78.022711,---,1457.637756,425.626599,371.812828,29.199751,87.356577,371.812828,25.507903,66.366284,---,2959,2778,2959,2690,
