{
"REVS_plot_engine":{
	"inputs":[
		{"name":"e","kind":"required","type":[["class_REVS_engine"],["class_REVS_engine_legacy"],["struct"]]},
		{"name":"plot_type","kind":"required","type":["choices={'efficiency','fuel flow','fuel consumption','fuel per injection','BSFC','brake specific fuel','BS CO2','brake specific CO2','CO2'}"]},
		{"name":"no_figure","kind":"optional","type":["choices={'no_figure'}"]},
		{"name":"contours","kind":"namevalue","type":[["numeric","vector"]]},
		{"name":"filled","kind":"optional","type":["choices={'filled'}"]},
		{"name":"no_contour_labels","kind":"optional","type":["choices={'no_contour_labels'}"]},
		{"name":"contour_width","kind":"namevalue","type":[["numeric"]]},
		{"name":"contour_color","kind":"namevalue"},
		{"name":"colormap","kind":"namevalue","type":[["choices={'parula','jet','hsv','hot','cool','spring','summer','autumn','winter','gray','bone','copper','pink','lines','colorcube','prism','flag','white','default'}"],["numeric","ncols=3"]]},
		{"name":"no_power_lines","kind":"optional","type":["choices={'no_power_lines'}"]},
		{"name":"no_min_bsfc","kind":"optional","type":["choices={'no_min_bsfc'}"]},
		{"name":"no_na_curve","kind":"optional","type":["choices={'no_na_curve'}"]},
		{"name":"show_ctp_curve","kind":"optional","type":["choices={'show_ctp_curve'}"]},
		{"name":"deac_prop","kind":"namevalue","type":[["numeric","scalar"]]},
		{"name":"highlight_contour","kind":"namevalue","type":[["numeric"]]},
		{"name":"highlight_color","kind":"namevalue","type":[["numeric"]]},
		{"name":"highlight_alpha","kind":"namevalue","type":[["numeric","scalar"]]},
		{"name":"line_width","kind":"namevalue","type":[["numeric"]]},
		{"name":"show_above_wot","kind":"optional","type":["choices={'show_above_wot'}"]},
		{"name":"plot_test_data","kind":"namevalue"},
		{"name":"plot_test_data_points","kind":"namevalue","type":[["numeric","integer"]]},
		{"name":"time_range","kind":"namevalue"},
		{"name":"show_bmep","kind":"optional","type":["choices={'show_bmep'}"]},
		{"name":"show_matrix_min_speeds","kind":"optional","type":["choices={'show_matrix_min_speeds'}"]},
		{"name":"idle_plot","kind":"optional","type":["choices={'idle_plot'}"]},
		{"name":"title","kind":"namevalue","type":["char"]}
	]},
"REVS_plot_engine_diff":{
	"inputs":[
		{"name":"e1","kind":"required"},
		{"name":"e2","kind":"required"},
		{"name":"compare_mode","kind":"required","type":["char","choices={'efficiency','bsfc','bsfc_pct','gps','gps_pct','fuel','fuel_pct', 'fuel_vol','fuel_vol_pct','co2','co2_pct'}"],"default":"'efficiency'"},
		{"name":"scaling_mode","kind":"namevalue","type":["char","choices={'none','max_power','max_torque','avg_torque','avg_power'}"]},
		{"name":"scaling_window","kind":"namevalue","type":["numeric"]},
		{"name":"scaling_no_fuel_adjust","kind":"optional","type":["choices={'scaling_no_fuel_adjust'}"]},
		{"name":"no_figure","kind":"optional","type":["choices={'no_figure'}"]},
		{"name":"contour_levels","kind":"namevalue","type":["numeric"]},
		{"name":"contour_filled","kind":"optional","type":["char","choices={'filled'}"]},
		{"name":"contour_lables","kind":"optional","type":["char","choices={'no_contour_labels'}"]},
		{"name":"contour_width","kind":"namevalue","type":["numeric"]},
		{"name":"contour_color","kind":"namevalue","type":["numeric"]},
		{"name":"colormap","kind":"namevalue","type":[["choices={'parula','jet','hsv','hot','cool','spring','summer','autumn','winter','gray','bone','copper','pink','lines','colorcube','prism','flag','white','default'}"],["numeric","ncols=3"]]},
		{"name":"plot_power_lines","kind":"optional","type":["char","choices={'no_power_lines'}"]},
		{"name":"plot_min_bsfc","kind":"optional","type":["char","choices={'no_min_bsfc'}"]},
		{"name":"plot_na_curve","kind":"optional","type":["char","choices={'no_na_curve'}"]},
		{"name":"highlight_contour","kind":"namevalue","type":["numeric"]},
		{"name":"highlight_color","kind":"namevalue","type":["numeric"]},
		{"name":"highlight_alpha","kind":"namevalue","type":["numeric"]},
		{"name":"no_fuel_adjust","kind":"optional","type":["char","choices={'no_fuel_adjust'}"]},
		{"name":"plot_audit","kind":"namevalue","type":["numeric"]},
		{"name":"plot_audit_points","kind":"namevalue","type":["numeric"]},
		{"name":"plot_test_data","kind":"namevalue","type":["numeric"]},
		{"name":"plot_test_data_points","kind":"namevalue","type":["numeric"]},
		{"name":"show_bmep","kind":"optional","type":["char","choices={'show_bmep'}"]},
		{"name":"title","kind":"namevalue","type":["char"]}
	]},
"REVS_combine_drive_cycles":{
	"inputs":[
		{"name":"cycle_list","kind":"required","type":[["cell"]]},
		{"name":"transition_accel","kind":"namevalue","type":[["numeric"]]},
		{"name":"startup_neutral","kind":"namevalue","type":[["numeric"]]},
		{"name":"startup_drive","kind":"namevalue","type":[["numeric"]]},
		{"name":"end_stopped","kind":"optional","type":["choices={'end_stopped'}"]},
		{"name":"do_plots","kind":"optional","type":["choices={'do_plots'}"]},
		{"name":"smoothing","kind":"namevalue","type":[["numeric"]]},
		{"name":"save","kind":"optional","type":["choices={'save'}"]},
		{"name":"cycle_name","kind":"namevalue","type":["char"]}
	],
	"outputs":{
	"name":"combined_cycle"}},
"REVS_modify_engine2":{
	"inputs":[
		{"name":"engine_in","kind":"required","type":[["class_REVS_engine"],["class_REVS_engine_legacy"],["struct"]]},
		{"name":"num_cylinders","kind":"namevalue","type":[["numeric","integer","scalar"]]},
		{"name":"scale_factor","kind":"namevalue","type":[["numeric"]]},
		{"name":"scale_displacement","kind":"namevalue","type":[["numeric"]]},
		{"name":"scale_max_power","kind":"namevalue","type":[["numeric"]]},
		{"name":"scale_avg_power","kind":"namevalue","type":[["numeric"]]},
		{"name":"scale_max_torque","kind":"namevalue","type":[["numeric"]]},
		{"name":"scale_avg_torque","kind":"namevalue","type":[["numeric"]]},
		{"name":"avg_window","kind":"namevalue","type":[["numeric"]]},
		{"name":"no_scaling_knock_adjust","kind":"optional","type":["choices={'no_scaling_knock_adjust'}"]},
		{"name":"no_scaling_friction_adjust","kind":"optional","type":["choices={'no_scaling_friction_adjust'}"]},
		{"name":"no_scaling_sv_ratio_adjust","kind":"optional","type":["choices={'no_scaling_sv_ratio_adjust'}"]},
		{"name":"friction_adjust_Nm","kind":"namevalue","type":[["numeric"]]},
		{"name":"friction_adjust_bar","kind":"namevalue","type":[["numeric"]]}
	],
	"outputs":[
		{"name":"[ engine_out ]"}
	]}}